-- phpMyAdmin SQL Dump
-- version 5.0.2
-- https://www.phpmyadmin.net/
--
-- Host: 127.0.0.1
-- Generation Time: Jun 18, 2020 at 07:01 AM
-- Server version: 10.4.11-MariaDB
-- PHP Version: 7.4.5

SET SQL_MODE = "NO_AUTO_VALUE_ON_ZERO";
START TRANSACTION;
SET time_zone = "+00:00";


/*!40101 SET @OLD_CHARACTER_SET_CLIENT=@@CHARACTER_SET_CLIENT */;
/*!40101 SET @OLD_CHARACTER_SET_RESULTS=@@CHARACTER_SET_RESULTS */;
/*!40101 SET @OLD_COLLATION_CONNECTION=@@COLLATION_CONNECTION */;
/*!40101 SET NAMES utf8mb4 */;

--
-- Database: `tutionpro`
--

-- --------------------------------------------------------

--
-- Table structure for table `about_us_page`
--

CREATE TABLE `about_us_page` (
  `about_us_id` int(11) NOT NULL,
  `title` text NOT NULL,
  `description` longtext NOT NULL
) ENGINE=InnoDB DEFAULT CHARSET=utf8mb4;

--
-- Dumping data for table `about_us_page`
--

INSERT INTO `about_us_page` (`about_us_id`, `title`, `description`) VALUES
(1, 'Why TuitionPro ?', ' <div class=\"mb-4\"><h4 class=\"leading-Automatic\">Majority have suffered alteration in some form, by injected humor</h4>\r\n     <div>There are many variations of passages \r\nof Lorem Ipsum available, but the majority have suffered  by injected \r\nhumour, or randomised words which don\'t look even slightly believable.\r\n     If you are going to use a passage of Lorem Ipsum, you need to as \r\nnecessary All the Lorem Ipsum generators on the Internet tend to repeat</div>\r\n     <div>It is a long established fact that a \r\nreader will be distracted by the readable content of a page when looking\r\n at its layout. The point of using Lorem Ipsum is that it has a \r\nmore-or-less Automatic distribution of letters, as opposed to using \r\n\'Content here, content here\', making it look like readable English.</div>\r\n     <div>Lorem ipsum dolor sit amet, \r\nconsectetur adipiscing elit, sed do eiusmod tempor incididunt ut labore \r\net dolore magna aliqua. Lorem Ipsum available, quis nostrud exercitation\r\n ullamco laboris nisi ut aliquip ex ea commodo consequat. Duis aute \r\nirure dolor in reprehenderit in voluptate velit esse cillum dolore eu \r\nfugiat nulla pariatur. Excepteur sint occaecat cupidatat non proident, \r\nsunt in culpa qui officia deserunt mollit anim id est <b>laborum.</b></div></div>');

-- --------------------------------------------------------

--
-- Table structure for table `admin`
--

CREATE TABLE `admin` (
  `admin_id` int(11) NOT NULL,
  `full_name` text NOT NULL,
  `email` varchar(50) NOT NULL,
  `password` varchar(255) NOT NULL
) ENGINE=InnoDB DEFAULT CHARSET=utf8mb4;

--
-- Dumping data for table `admin`
--

INSERT INTO `admin` (`admin_id`, `full_name`, `email`, `password`) VALUES
(1, 'Admin', 'admin@tuitionpro.in', '8fa18382f2a27229ed9a0d0166d701723ff54008e489990dcd82be1ad77df81d076f518b54f98d2091a8e62ea248fde66f2e154800c92267c296d985c2a8d0e5DWX1+f1oeOul43o22QnspteELGpamdXFCyb6JPgwAvc=');

-- --------------------------------------------------------

--
-- Table structure for table `category`
--

CREATE TABLE `category` (
  `category_id` int(11) NOT NULL,
  `category_name` text NOT NULL,
  `date_added` timestamp NOT NULL DEFAULT current_timestamp(),
  `date_edited` timestamp NOT NULL DEFAULT current_timestamp() ON UPDATE current_timestamp()
) ENGINE=InnoDB DEFAULT CHARSET=utf8;

--
-- Dumping data for table `category`
--

INSERT INTO `category` (`category_id`, `category_name`, `date_added`, `date_edited`) VALUES
(1, 'Mathematics', '2020-04-24 20:52:37', '2020-04-24 20:52:37'),
(2, 'English', '2020-04-24 20:52:47', '2020-05-19 17:18:55'),
(3, 'History', '2020-04-24 20:53:00', '2020-04-24 20:53:00'),
(5, 'Physics', '2020-05-22 20:53:22', '2020-05-22 20:53:31');

-- --------------------------------------------------------

--
-- Table structure for table `chapter_or_topic`
--

CREATE TABLE `chapter_or_topic` (
  `chapter_or_topic_id` int(11) NOT NULL,
  `name` text NOT NULL,
  `teacher_user_id` int(11) NOT NULL,
  `date_added` timestamp NOT NULL DEFAULT current_timestamp(),
  `date_edited` timestamp NOT NULL DEFAULT current_timestamp() ON UPDATE current_timestamp()
) ENGINE=InnoDB DEFAULT CHARSET=utf8;

--
-- Dumping data for table `chapter_or_topic`
--

INSERT INTO `chapter_or_topic` (`chapter_or_topic_id`, `name`, `teacher_user_id`, `date_added`, `date_edited`) VALUES
(1, 'C programming', 1, '2020-05-02 19:00:34', '2020-05-02 19:00:34'),
(2, 'Computer Architecture', 2, '2020-05-03 02:15:00', '2020-05-03 02:15:00'),
(3, 'Arithmetic', 4, '2020-05-09 05:06:31', '2020-05-09 05:06:31');

-- --------------------------------------------------------

--
-- Table structure for table `ci_sessions`
--

CREATE TABLE `ci_sessions` (
  `id` varchar(128) NOT NULL,
  `ip_address` varchar(45) NOT NULL,
  `timestamp` int(10) UNSIGNED NOT NULL DEFAULT 0,
  `data` blob NOT NULL
) ENGINE=MyISAM DEFAULT CHARSET=latin1;

--
-- Dumping data for table `ci_sessions`
--

INSERT INTO `ci_sessions` (`id`, `ip_address`, `timestamp`, `data`) VALUES
('mgjakrrs87pkn3e3ug1l31bcn8cfh9jj', '::1', 1589033596, 0x5f5f63695f6c6173745f726567656e65726174657c693a313538393033333330323b66696c7465725f646174617c613a383a7b733a373a22636c6173736573223b733a383a22436c617373204949223b733a31323a22626f6172645f66696c746572223b733a353a224947435345223b733a383a227375626a65637473223b733a383a224163636f756e7473223b733a31333a22706169645f7475746f7269616c223b733a313a2259223b733a31333a22667265655f7475746f7269616c223b4e3b733a383a22426567696e6e6572223b733a383a22426567696e6e6572223b733a31323a22496e7465726d656469617465223b733a31323a22496e7465726d656469617465223b733a363a22457870657274223b4e3b7d5f5f63695f766172737c613a313a7b733a31313a2266696c7465725f64617461223b693a313538393033333834363b7d),
('ur6aqr24otftdom794c23cl37ids07e3', '::1', 1589033290, 0x5f5f63695f6c6173745f726567656e65726174657c693a313538393033323939313b66696c7465725f646174617c613a383a7b733a373a22636c6173736573223b733a383a22436c617373204949223b733a31323a22626f6172645f66696c746572223b733a313a2235223b733a383a227375626a65637473223b733a323a223234223b733a31333a22706169645f7475746f7269616c223b733a313a2259223b733a31333a22667265655f7475746f7269616c223b733a313a2259223b733a383a22426567696e6e6572223b733a383a22426567696e6e6572223b733a31323a22496e7465726d656469617465223b733a31323a22496e7465726d656469617465223b733a363a22457870657274223b733a363a22457870657274223b7d5f5f63695f766172737c613a313a7b733a31313a2266696c7465725f64617461223b693a313538393033333534303b7d),
('16p2ka723u4pngvo6q5pgdoivppen2ph', '::1', 1589024086, 0x5f5f63695f6c6173745f726567656e65726174657c693a313538393032333935323b757365725f69647c733a313a2234223b757365725f656d61696c7c733a32323a2269616d73756d616e3138303840676d61696c2e636f6d223b66756c6c5f6e616d657c733a393a22426162616920526f79223b726567697374726174696f6e5f747970657c733a313a2231223b7374617475737c733a313a2231223b),
('5gf4up81bo7kdmlam498keilqjm2fbq3', '::1', 1589024577, 0x5f5f63695f6c6173745f726567656e65726174657c693a313538393032343333333b757365725f69647c733a313a2234223b757365725f656d61696c7c733a32323a2269616d73756d616e3138303840676d61696c2e636f6d223b66756c6c5f6e616d657c733a393a22426162616920526f79223b726567697374726174696f6e5f747970657c733a313a2231223b7374617475737c733a313a2231223b66696c7465725f646174617c613a383a7b733a373a22636c6173736573223b733a383a22436c617373204956223b733a31323a22626f6172645f66696c746572223b733a313a2232223b733a383a227375626a65637473223b733a323a223235223b733a31333a22706169645f7475746f7269616c223b4e3b733a31333a22667265655f7475746f7269616c223b733a313a2259223b733a383a22426567696e6e6572223b4e3b733a31323a22496e7465726d656469617465223b733a31323a22496e7465726d656469617465223b733a363a22457870657274223b4e3b7d5f5f63695f766172737c613a313a7b733a31313a2266696c7465725f64617461223b693a313538393032343731363b7d),
('om4r4dpnth7o5elulfdbgsbtl0vgomff', '::1', 1589022522, 0x5f5f63695f6c6173745f726567656e65726174657c693a313538393032323531333b757365725f69647c733a313a2234223b757365725f656d61696c7c733a32323a2269616d73756d616e3138303840676d61696c2e636f6d223b66756c6c5f6e616d657c733a393a22426162616920526f79223b726567697374726174696f6e5f747970657c733a313a2231223b7374617475737c733a313a2231223b),
('4fg7vns4k87b7t3ir49cmrapfq18rfdk', '::1', 1589023308, 0x5f5f63695f6c6173745f726567656e65726174657c693a313538393032333330333b757365725f69647c733a313a2234223b757365725f656d61696c7c733a32323a2269616d73756d616e3138303840676d61696c2e636f6d223b66756c6c5f6e616d657c733a393a22426162616920526f79223b726567697374726174696f6e5f747970657c733a313a2231223b7374617475737c733a313a2231223b),
('ddcq8s79otim4sh54gfuosil8m3jufat', '::1', 1589022013, 0x5f5f63695f6c6173745f726567656e65726174657c693a313538393032323030333b757365725f69647c733a313a2234223b757365725f656d61696c7c733a32323a2269616d73756d616e3138303840676d61696c2e636f6d223b66756c6c5f6e616d657c733a393a22426162616920526f79223b726567697374726174696f6e5f747970657c733a313a2231223b7374617475737c733a313a2231223b7365617263685f646174617c613a343a7b733a31333a2263617465676f72795f6e616d65223b733a383a2243617465676f7279223b733a31303a22626f6172645f6e616d65223b733a353a22426f617264223b733a31323a227375626a6563745f6e616d65223b733a373a225375626a656374223b733a31343a227475746f7269616c735f6e616d65223b733a303a22223b7d5f5f63695f766172737c613a313a7b733a31313a227365617263685f64617461223b693a313538393032323331333b7d),
('61n5hgr704g0n4icdec3u275ojltfv1r', '::1', 1589021706, 0x5f5f63695f6c6173745f726567656e65726174657c693a313538393032313637363b757365725f69647c733a313a2234223b757365725f656d61696c7c733a32323a2269616d73756d616e3138303840676d61696c2e636f6d223b66756c6c5f6e616d657c733a393a22426162616920526f79223b726567697374726174696f6e5f747970657c733a313a2231223b7374617475737c733a313a2231223b),
('k500m98tu0s3sns9n6vod6dgk180no94', '::1', 1589021017, 0x5f5f63695f6c6173745f726567656e65726174657c693a313538393032313031373b),
('on26b1kh7tlgkp0f5hgp1s0f86k563q6', '::1', 1589020480, 0x5f5f63695f6c6173745f726567656e65726174657c693a313538393032303432303b7475746f725f7365617263685f646174617c613a343a7b733a383a22636c6173735f6964223b733a323a223131223b733a383a22626f6172645f6964223b733a313a2235223b733a31303a227375626a6563745f6964223b733a323a223234223b733a383a226c6f636174696f6e223b733a353a2268626a6a6b223b7d5f5f63695f766172737c613a323a7b733a31373a227475746f725f7365617263685f64617461223b693a313538393032303733393b733a31313a227365617263685f64617461223b693a313538393032303735313b7d7365617263685f646174617c613a343a7b733a31333a2263617465676f72795f6e616d65223b733a31313a224d617468656d6174696373223b733a31303a22626f6172645f6e616d65223b733a353a224947435345223b733a31323a227375626a6563745f6e616d65223b733a373a2242656e67616c69223b733a31343a227475746f7269616c735f6e616d65223b733a353a226a67766862223b7d),
('l5ifn4hplgmlf0ol24u4g7hd7u1f1gbb', '::1', 1589019958, 0x5f5f63695f6c6173745f726567656e65726174657c693a313538393031393636333b7365617263685f646174617c613a343a7b733a383a22636c6173735f6964223b733a313a2239223b733a383a22626f6172645f6964223b733a353a22426f617264223b733a31303a227375626a6563745f6964223b733a373a225375626a656374223b733a383a226c6f636174696f6e223b733a303a22223b7d5f5f63695f766172737c613a313a7b733a31313a227365617263685f64617461223b693a313538393031393936333b7d),
('bb4cpr9anc8722cn0b7s8u3g8dsn563g', '::1', 1589020107, 0x5f5f63695f6c6173745f726567656e65726174657c693a313538393032303130373b),
('j5l33epjecd0susakpmas30fus5dos9k', '::1', 1589019345, 0x5f5f63695f6c6173745f726567656e65726174657c693a313538393031393232383b7365617263685f646174617c613a343a7b733a31333a2263617465676f72795f6e616d65223b733a31313a224d617468656d6174696373223b733a31303a22626f6172645f6e616d65223b733a343a2243425345223b733a31323a227375626a6563745f6e616d65223b733a31313a224163636f756e74616e6379223b733a31343a227475746f7269616c735f6e616d65223b733a303a22223b7d5f5f63695f766172737c613a313a7b733a31313a227365617263685f64617461223b693a313538393031393539383b7d),
('762qgcc7cg8asjmsnlrmo0eu6n5otqdo', '::1', 1589018440, 0x5f5f63695f6c6173745f726567656e65726174657c693a313538393031383434303b),
('gt1li9ftfrsjj5io06amjhimj9le92md', '::1', 1589019109, 0x5f5f63695f6c6173745f726567656e65726174657c693a313538393031383831313b7365617263685f646174617c613a343a7b733a31333a2263617465676f72795f6e616d65223b733a31313a224d617468656d6174696373223b733a31303a22626f6172645f6e616d65223b733a343a2243425345223b733a31323a227375626a6563745f6e616d65223b733a31313a224d617468656d6174696373223b733a31343a227475746f7269616c735f6e616d65223b733a303a22223b7d5f5f63695f766172737c613a313a7b733a31313a227365617263685f64617461223b693a313538393031393230393b7d),
('fsc060s2nd45bj2q2pflgaokvjm5re7d', '::1', 1589018014, 0x5f5f63695f6c6173745f726567656e65726174657c693a313538393031373732383b),
('0d59pinum87ogr9boggcistko07kfg1p', '::1', 1589018324, 0x5f5f63695f6c6173745f726567656e65726174657c693a313538393031383039393b),
('jqh1p2svpd2fml8arcj6ssn8g32hoj91', '::1', 1589017568, 0x5f5f63695f6c6173745f726567656e65726174657c693a313538393031373337353b),
('l0sssnqi1lgtqfoa2o87nbgqcf352g75', '::1', 1589017309, 0x5f5f63695f6c6173745f726567656e65726174657c693a313538393031373036323b7365617263685f646174617c613a343a7b733a31333a2263617465676f72795f6e616d65223b733a383a2243617465676f7279223b733a31303a22626f6172645f6e616d65223b733a353a22426f617264223b733a31323a227375626a6563745f6e616d65223b733a373a225375626a656374223b733a31343a227475746f7269616c735f6e616d65223b733a303a22223b7d5f5f63695f766172737c613a313a7b733a31313a227365617263685f64617461223b693a313538393031373430333b7d),
('l8jomlfjmotf3lqg3ijdnig3nd398esn', '::1', 1589016308, 0x5f5f63695f6c6173745f726567656e65726174657c693a313538393031363330383b),
('gkh037i3vt8894ao20mpncqcfa9k7fi4', '::1', 1589015967, 0x5f5f63695f6c6173745f726567656e65726174657c693a313538393031353936373b),
('8se8op7g2ivhikbacbv8j9na6i68afm4', '::1', 1589014953, 0x5f5f63695f6c6173745f726567656e65726174657c693a313538393031343838343b),
('dmn9l1t11hng8nbivdlsldc094d4nt0n', '::1', 1589015225, 0x5f5f63695f6c6173745f726567656e65726174657c693a313538393031353230333b),
('2nj29bbjur544adcpn949sob6shiljdj', '::1', 1589015664, 0x5f5f63695f6c6173745f726567656e65726174657c693a313538393031353632353b),
('67fk60m14k9sr63iospm4nrnsbtfgr0h', '::1', 1589014356, 0x5f5f63695f6c6173745f726567656e65726174657c693a313538393031343335363b),
('1fnntfit4lst365sa5hd8166gkdf642b', '::1', 1589012241, 0x5f5f63695f6c6173745f726567656e65726174657c693a313538393031313934383b),
('ctcumoma63u63tih6fof09js0cd828md', '::1', 1589012345, 0x5f5f63695f6c6173745f726567656e65726174657c693a313538393031323238373b7365617263685f646174617c613a343a7b733a31333a2263617465676f72795f6e616d65223b733a383a2243617465676f7279223b733a31303a22626f6172645f6e616d65223b733a353a22426f617264223b733a31323a227375626a6563745f6e616d65223b733a373a225375626a656374223b733a31343a227475746f7269616c735f6e616d65223b733a303a22223b7d5f5f63695f766172737c613a313a7b733a31313a227365617263685f64617461223b693a313538393031323634353b7d),
('9lk0h49kqc491j5e620jpia4166j3ne0', '::1', 1589011318, 0x5f5f63695f6c6173745f726567656e65726174657c693a313538393031313034363b),
('koqfj4hahes0o8thf8rgdnk4oa7oi6du', '::1', 1589010765, 0x5f5f63695f6c6173745f726567656e65726174657c693a313538393031303635383b7365617263685f646174617c613a343a7b733a31333a2263617465676f72795f6e616d65223b733a383a2243617465676f7279223b733a31303a22626f6172645f6e616d65223b733a353a224947435345223b733a31323a227375626a6563745f6e616d65223b733a373a225375626a656374223b733a31343a227475746f7269616c735f6e616d65223b733a303a22223b7d5f5f63695f766172737c613a313a7b733a31313a227365617263685f64617461223b693a313538393031313036353b7d),
('c1vm7qiljedsjc9g7d78qtrgke68jfjh', '::1', 1589010584, 0x5f5f63695f6c6173745f726567656e65726174657c693a313538393031303333323b),
('92vpntvahcv7iq5likfu5igct1n6ms17', '::1', 1589009806, 0x5f5f63695f6c6173745f726567656e65726174657c693a313538393030393637373b),
('cjv8hm191qh8g7mo3c6vukgb1mpobaji', '::1', 1589004252, 0x5f5f63695f6c6173745f726567656e65726174657c693a313538393030343235323b),
('tl25ejqesoqbsosrs3650np31jrvp8e6', '::1', 1589004117, 0x5f5f63695f6c6173745f726567656e65726174657c693a313538393030333839363b),
('hjn23elo704758r3u34qjel3jg90pev3', '::1', 1589002934, 0x5f5f63695f6c6173745f726567656e65726174657c693a313538393030323933343b),
('rv1btr7fsochp0khgocb6occlo8soa96', '::1', 1589002681, 0x5f5f63695f6c6173745f726567656e65726174657c693a313538393030323635383b757365725f69647c733a313a2234223b757365725f656d61696c7c733a32323a2269616d73756d616e3138303840676d61696c2e636f6d223b66756c6c5f6e616d657c733a393a22426162616920526f79223b726567697374726174696f6e5f747970657c733a313a2231223b7374617475737c733a313a2231223b7365617263685f646174617c613a343a7b733a31333a2263617465676f72795f6e616d65223b733a383a2243617465676f7279223b733a31303a22626f6172645f6e616d65223b733a353a22426f617264223b733a31323a227375626a6563745f6e616d65223b733a373a225375626a656374223b733a31343a227475746f7269616c735f6e616d65223b733a303a22223b7d5f5f63695f766172737c613a313a7b733a31313a227365617263685f64617461223b693a313538393030323936343b7d),
('29db1ife30moafulu3d0hbvcpefcfo22', '::1', 1589002181, 0x5f5f63695f6c6173745f726567656e65726174657c693a313538393030323138313b),
('bnlt21k1e43mre7rcrrrjc67deepc75u', '::1', 1589002842, 0x5f5f63695f6c6173745f726567656e65726174657c693a313538393030323537303b),
('h59vl54mea50cr3jamnblslkktjkhqr0', '::1', 1589001442, 0x5f5f63695f6c6173745f726567656e65726174657c693a313538393030313338333b7365617263685f646174617c613a343a7b733a31333a2263617465676f72795f6e616d65223b733a383a2243617465676f7279223b733a31303a22626f6172645f6e616d65223b733a353a22426f617264223b733a31323a227375626a6563745f6e616d65223b733a373a225375626a656374223b733a31343a227475746f7269616c735f6e616d65223b733a303a22223b7d5f5f63695f766172737c613a313a7b733a31313a227365617263685f64617461223b693a313538393030313734323b7d),
('qad30uslrtktderr1b8j7j0i710v97qn', '::1', 1589001367, 0x5f5f63695f6c6173745f726567656e65726174657c693a313538393030313139353b757365725f69647c733a313a2234223b757365725f656d61696c7c733a32323a2269616d73756d616e3138303840676d61696c2e636f6d223b66756c6c5f6e616d657c733a393a22426162616920526f79223b726567697374726174696f6e5f747970657c733a313a2231223b7374617475737c733a313a2231223b),
('9p4sfolfi6psugp1tehl0uu54jtrul4v', '::1', 1589001187, 0x5f5f63695f6c6173745f726567656e65726174657c693a313538383939373736383b757365725f69647c733a313a2234223b757365725f656d61696c7c733a32323a2269616d73756d616e3138303840676d61696c2e636f6d223b66756c6c5f6e616d657c733a393a22426162616920526f79223b726567697374726174696f6e5f747970657c733a313a2231223b7374617475737c733a313a2231223b),
('u6i6i6o0ojjlfcpol18pc5diqqdjeflv', '::1', 1588997383, 0x5f5f63695f6c6173745f726567656e65726174657c693a313538383939373338323b),
('ljkqpokro0u2u1da54cuijsa90o56fcq', '::1', 1588997707, 0x5f5f63695f6c6173745f726567656e65726174657c693a313538383939373430383b757365725f69647c733a313a2234223b757365725f656d61696c7c733a32323a2269616d73756d616e3138303840676d61696c2e636f6d223b66756c6c5f6e616d657c733a393a22426162616920526f79223b726567697374726174696f6e5f747970657c733a313a2231223b7374617475737c733a313a2231223b),
('a2guhf12klo5kpq3abluj4ubrj4puphb', '::1', 1588949914, 0x5f5f63695f6c6173745f726567656e65726174657c693a313538383934393931343b),
('lofhrer3fukht87fft6k1nhetv5an601', '::1', 1588991959, 0x5f5f63695f6c6173745f726567656e65726174657c693a313538383939313935383b),
('c15fn3n2kdlqs8qfgpuk1lpiuhnjht6g', '::1', 1588947899, 0x5f5f63695f6c6173745f726567656e65726174657c693a313538383934373838383b),
('7f2jjl09vb1jqa0nrkb83gqmfih329hd', '::1', 1588948519, 0x5f5f63695f6c6173745f726567656e65726174657c693a313538383934383438313b),
('ho6tfn6n090siq9ud4ijqmrrvshk3331', '::1', 1588944039, 0x7365617263685f646174617c613a343a7b733a383a22636c6173735f6964223b733a353a22436c617373223b733a383a22626f6172645f6964223b733a353a22426f617264223b733a31303a227375626a6563745f6964223b733a323a223135223b733a383a226c6f636174696f6e223b733a303a22223b7d5f5f63695f766172737c613a313a7b733a31313a227365617263685f64617461223b693a313538383934343236313b7d5f5f63695f6c6173745f726567656e65726174657c693a313538383934333932323b),
('ihjfna9sud2pjcd2ra4tam3iusrhvm6a', '::1', 1588943129, 0x5f5f63695f6c6173745f726567656e65726174657c693a313538383934333130373b757365725f69647c733a313a2233223b757365725f656d61696c7c733a32393a2273756d616e2e323638373435322e6d616a686940676d61696c2e636f6d223b66756c6c5f6e616d657c733a31303a2253756d616e204d616a69223b726567697374726174696f6e5f747970657c733a313a2232223b7374617475737c733a313a2231223b),
('6bi367i7ol6hbuci52fjrp16hidsebqd', '::1', 1588943099, 0x5f5f63695f6c6173745f726567656e65726174657c693a313538383934323830333b757365725f69647c733a313a2233223b757365725f656d61696c7c733a32393a2273756d616e2e323638373435322e6d616a686940676d61696c2e636f6d223b66756c6c5f6e616d657c733a31303a2253756d616e204d616a69223b726567697374726174696f6e5f747970657c733a313a2232223b7374617475737c733a313a2231223b),
('5d7afb7d5ulqr70gmhe84chgkacr13ev', '::1', 1588935321, 0x5f5f63695f6c6173745f726567656e65726174657c693a313538383933353330313b),
('scoj10r61lpvuii9ofnk93ai9644eo2v', '::1', 1588935642, 0x5f5f63695f6c6173745f726567656e65726174657c693a313538383933353632383b),
('h9gareblm01jlkob72t52bau1arrs33o', '::1', 1588933649, 0x5f5f63695f6c6173745f726567656e65726174657c693a313538383933333539313b757365725f69647c733a313a2233223b757365725f656d61696c7c733a32393a2273756d616e2e323638373435322e6d616a686940676d61696c2e636f6d223b66756c6c5f6e616d657c733a31303a2253756d616e204d616a69223b726567697374726174696f6e5f747970657c733a313a2232223b7374617475737c733a313a2231223b),
('qttpq6sq4iqf6jhk3juq6oh5690vm9it', '::1', 1588933177, 0x5f5f63695f6c6173745f726567656e65726174657c693a313538383933333035383b757365725f69647c733a313a2233223b757365725f656d61696c7c733a32393a2273756d616e2e323638373435322e6d616a686940676d61696c2e636f6d223b66756c6c5f6e616d657c733a31303a2253756d616e204d616a69223b726567697374726174696f6e5f747970657c733a313a2232223b7374617475737c733a313a2231223b),
('83ohb7cvcd6rb4hap9vrfo4aogjmdpnv', '::1', 1588932660, 0x5f5f63695f6c6173745f726567656e65726174657c693a313538383933323533333b757365725f69647c733a313a2233223b757365725f656d61696c7c733a32393a2273756d616e2e323638373435322e6d616a686940676d61696c2e636f6d223b66756c6c5f6e616d657c733a31303a2253756d616e204d616a69223b726567697374726174696f6e5f747970657c733a313a2232223b7374617475737c733a313a2231223b),
('6q81b60cfef08sr9cslc2744a5j3e9hn', '::1', 1588932333, 0x5f5f63695f6c6173745f726567656e65726174657c693a313538383933323135343b757365725f69647c733a313a2233223b757365725f656d61696c7c733a32393a2273756d616e2e323638373435322e6d616a686940676d61696c2e636f6d223b66756c6c5f6e616d657c733a31303a2253756d616e204d616a69223b726567697374726174696f6e5f747970657c733a313a2232223b7374617475737c733a313a2231223b),
('u18fevq5vje66ipic2thdv56gl1bt9r1', '::1', 1588931814, 0x5f5f63695f6c6173745f726567656e65726174657c693a313538383933313635353b757365725f69647c733a313a2233223b757365725f656d61696c7c733a32393a2273756d616e2e323638373435322e6d616a686940676d61696c2e636f6d223b66756c6c5f6e616d657c733a31303a2253756d616e204d616a69223b726567697374726174696f6e5f747970657c733a313a2232223b7374617475737c733a313a2231223b),
('o5jbkjqgu27d1lelae86i6e5h6lvem1a', '::1', 1588931621, 0x5f5f63695f6c6173745f726567656e65726174657c693a313538383933313334303b757365725f69647c733a313a2233223b757365725f656d61696c7c733a32393a2273756d616e2e323638373435322e6d616a686940676d61696c2e636f6d223b66756c6c5f6e616d657c733a31303a2253756d616e204d616a69223b726567697374726174696f6e5f747970657c733a313a2232223b7374617475737c733a313a2231223b),
('l6a5mo5264dt95f6v34bap7kgd6n0vva', '::1', 1588930605, 0x5f5f63695f6c6173745f726567656e65726174657c693a313538383933303630353b757365725f69647c733a313a2233223b757365725f656d61696c7c733a32393a2273756d616e2e323638373435322e6d616a686940676d61696c2e636f6d223b66756c6c5f6e616d657c733a31303a2253756d616e204d616a69223b726567697374726174696f6e5f747970657c733a313a2232223b7374617475737c733a313a2231223b),
('s5rbahsgs0mg7732k7an202o4va6v0cu', '::1', 1588929233, 0x5f5f63695f6c6173745f726567656e65726174657c693a313538383932383935313b757365725f69647c733a313a2233223b757365725f656d61696c7c733a32393a2273756d616e2e323638373435322e6d616a686940676d61696c2e636f6d223b66756c6c5f6e616d657c733a31303a2253756d616e204d616a69223b726567697374726174696f6e5f747970657c733a313a2232223b7374617475737c733a313a2231223b),
('a5cl4re30dfe14hc2nl2anvj5q7mfrej', '::1', 1588927910, 0x5f5f63695f6c6173745f726567656e65726174657c693a313538383932373836303b757365725f69647c733a313a2233223b757365725f656d61696c7c733a32393a2273756d616e2e323638373435322e6d616a686940676d61696c2e636f6d223b66756c6c5f6e616d657c733a31303a2253756d616e204d616a69223b726567697374726174696f6e5f747970657c733a313a2232223b7374617475737c733a313a2231223b),
('eq7sof1fvkkd2t5uv0fa2map54fhubkg', '::1', 1588927403, 0x5f5f63695f6c6173745f726567656e65726174657c693a313538383932373338393b757365725f69647c733a313a2233223b757365725f656d61696c7c733a32393a2273756d616e2e323638373435322e6d616a686940676d61696c2e636f6d223b66756c6c5f6e616d657c733a31303a2253756d616e204d616a69223b726567697374726174696f6e5f747970657c733a313a2232223b7374617475737c733a313a2231223b),
('qrustb8uaqnqagnlhrj6v7vd386p0375', '::1', 1588926646, 0x5f5f63695f6c6173745f726567656e65726174657c693a313538383932363535363b757365725f69647c733a313a2233223b757365725f656d61696c7c733a32393a2273756d616e2e323638373435322e6d616a686940676d61696c2e636f6d223b66756c6c5f6e616d657c733a31303a2253756d616e204d616a69223b726567697374726174696f6e5f747970657c733a313a2232223b7374617475737c733a313a2231223b),
('lo96aa3mi673iah1kcgae0u8lv4b1v5e', '::1', 1588926547, 0x5f5f63695f6c6173745f726567656e65726174657c693a313538383932363234353b757365725f69647c733a313a2233223b757365725f656d61696c7c733a32393a2273756d616e2e323638373435322e6d616a686940676d61696c2e636f6d223b66756c6c5f6e616d657c733a31303a2253756d616e204d616a69223b726567697374726174696f6e5f747970657c733a313a2232223b7374617475737c733a313a2231223b),
('1pcv0d9hcupla1b429cnmprfukgdgtd2', '::1', 1588926199, 0x5f5f63695f6c6173745f726567656e65726174657c693a313538383932353931353b757365725f69647c733a313a2233223b757365725f656d61696c7c733a32393a2273756d616e2e323638373435322e6d616a686940676d61696c2e636f6d223b66756c6c5f6e616d657c733a31303a2253756d616e204d616a69223b726567697374726174696f6e5f747970657c733a313a2232223b7374617475737c733a313a2231223b),
('4273o6k6ql2o70jchup0qo82g80l0fpi', '::1', 1588925814, 0x5f5f63695f6c6173745f726567656e65726174657c693a313538383932353630353b757365725f69647c733a313a2233223b757365725f656d61696c7c733a32393a2273756d616e2e323638373435322e6d616a686940676d61696c2e636f6d223b66756c6c5f6e616d657c733a31303a2253756d616e204d616a69223b726567697374726174696f6e5f747970657c733a313a2232223b7374617475737c733a313a2231223b),
('60g7c30oivlsvhc3lv31kukn3ineivb4', '::1', 1588925405, 0x5f5f63695f6c6173745f726567656e65726174657c693a313538383932353330303b757365725f69647c733a313a2233223b757365725f656d61696c7c733a32393a2273756d616e2e323638373435322e6d616a686940676d61696c2e636f6d223b66756c6c5f6e616d657c733a31303a2253756d616e204d616a69223b726567697374726174696f6e5f747970657c733a313a2232223b7374617475737c733a313a2231223b),
('tv4gcp2cn0eoeefur7go6fhkiua03q97', '::1', 1588924978, 0x5f5f63695f6c6173745f726567656e65726174657c693a313538383932343839393b757365725f69647c733a313a2233223b757365725f656d61696c7c733a32393a2273756d616e2e323638373435322e6d616a686940676d61696c2e636f6d223b66756c6c5f6e616d657c733a31303a2253756d616e204d616a69223b726567697374726174696f6e5f747970657c733a313a2232223b7374617475737c733a313a2231223b),
('p7ie9atnq42ns6p5lu1jah7iil7ilmm1', '::1', 1588923970, 0x5f5f63695f6c6173745f726567656e65726174657c693a313538383932333931353b757365725f69647c733a313a2233223b757365725f656d61696c7c733a32393a2273756d616e2e323638373435322e6d616a686940676d61696c2e636f6d223b66756c6c5f6e616d657c733a31303a2253756d616e204d616a69223b726567697374726174696f6e5f747970657c733a313a2232223b7374617475737c733a313a2231223b),
('cgtpcrkpcvs9tr0nh52a4v09el901vb9', '::1', 1588923804, 0x5f5f63695f6c6173745f726567656e65726174657c693a313538383932333533343b757365725f69647c733a313a2233223b757365725f656d61696c7c733a32393a2273756d616e2e323638373435322e6d616a686940676d61696c2e636f6d223b66756c6c5f6e616d657c733a31303a2253756d616e204d616a69223b726567697374726174696f6e5f747970657c733a313a2232223b7374617475737c733a313a2231223b),
('b037urc45pb1ecec32iqfiulna46ka06', '::1', 1588923468, 0x5f5f63695f6c6173745f726567656e65726174657c693a313538383932333230313b757365725f69647c733a313a2233223b757365725f656d61696c7c733a32393a2273756d616e2e323638373435322e6d616a686940676d61696c2e636f6d223b66756c6c5f6e616d657c733a31303a2253756d616e204d616a69223b726567697374726174696f6e5f747970657c733a313a2232223b7374617475737c733a313a2231223b),
('s6q2jrunav3h50q5rbs1iqmqjrllu0bq', '::1', 1588922923, 0x5f5f63695f6c6173745f726567656e65726174657c693a313538383932323732383b757365725f69647c733a313a2233223b757365725f656d61696c7c733a32393a2273756d616e2e323638373435322e6d616a686940676d61696c2e636f6d223b66756c6c5f6e616d657c733a31303a2253756d616e204d616a69223b726567697374726174696f6e5f747970657c733a313a2232223b7374617475737c733a313a2231223b),
('7th1as83opa76t7p9nckm3cqrtc6ht7l', '::1', 1588919645, 0x5f5f63695f6c6173745f726567656e65726174657c693a313538383931393633373b757365725f69647c733a313a2233223b757365725f656d61696c7c733a32393a2273756d616e2e323638373435322e6d616a686940676d61696c2e636f6d223b66756c6c5f6e616d657c733a31303a2253756d616e204d616a69223b726567697374726174696f6e5f747970657c733a313a2232223b7374617475737c733a313a2231223b),
('aiuk4gs2mfrac4obr7ko36ssgq9mas42', '::1', 1588919560, 0x5f5f63695f6c6173745f726567656e65726174657c693a313538383931393238353b757365725f69647c733a313a2233223b757365725f656d61696c7c733a32393a2273756d616e2e323638373435322e6d616a686940676d61696c2e636f6d223b66756c6c5f6e616d657c733a31303a2253756d616e204d616a69223b726567697374726174696f6e5f747970657c733a313a2232223b7374617475737c733a313a2231223b),
('iotra0rdh8rvoiqip0b9hoifa6jtelnb', '::1', 1588919282, 0x5f5f63695f6c6173745f726567656e65726174657c693a313538383931383639373b757365725f69647c733a313a2233223b757365725f656d61696c7c733a32393a2273756d616e2e323638373435322e6d616a686940676d61696c2e636f6d223b66756c6c5f6e616d657c733a31303a2253756d616e204d616a69223b726567697374726174696f6e5f747970657c733a313a2232223b7374617475737c733a313a2231223b),
('gt9qhgoipfl1q6hnkt59t2tit4tv7g7n', '::1', 1588918352, 0x5f5f63695f6c6173745f726567656e65726174657c693a313538383931383134313b757365725f69647c733a313a2233223b757365725f656d61696c7c733a32393a2273756d616e2e323638373435322e6d616a686940676d61696c2e636f6d223b66756c6c5f6e616d657c733a31303a2253756d616e204d616a69223b726567697374726174696f6e5f747970657c733a313a2232223b7374617475737c733a313a2231223b),
('99euo4q195g17h1iq66rvpfs3mllvip7', '::1', 1588915127, 0x5f5f63695f6c6173745f726567656e65726174657c693a313538383931353132363b),
('tekshkdlfk51ucqk0leojs4ocngvj2k4', '::1', 1588917316, 0x5f5f63695f6c6173745f726567656e65726174657c693a313538383931373236323b757365725f69647c733a313a2233223b757365725f656d61696c7c733a32393a2273756d616e2e323638373435322e6d616a686940676d61696c2e636f6d223b66756c6c5f6e616d657c733a31303a2253756d616e204d616a69223b726567697374726174696f6e5f747970657c733a313a2232223b7374617475737c733a313a2231223b),
('12uv94m2h27qmd2lm709k98c2bq0lh82', '::1', 1589033876, 0x5f5f63695f6c6173745f726567656e65726174657c693a313538393033333630383b66696c7465725f646174617c613a383a7b733a373a22636c6173736573223b733a383a22436c617373205649223b733a31323a22626f6172645f66696c746572223b733a353a225374617465223b733a383a227375626a65637473223b733a31313a224d617468656d6174696373223b733a31333a22706169645f7475746f7269616c223b4e3b733a31333a22667265655f7475746f7269616c223b4e3b733a383a22426567696e6e6572223b4e3b733a31323a22496e7465726d656469617465223b4e3b733a363a22457870657274223b4e3b7d5f5f63695f766172737c613a313a7b733a31313a2266696c7465725f64617461223b693a313538393033343137363b7d),
('mdc9c9hj9l27mi9najn6u19rq2mc9vul', '::1', 1589033947, 0x5f5f63695f6c6173745f726567656e65726174657c693a313538393033333931393b66696c7465725f646174617c613a383a7b733a373a22636c6173736573223b733a383a22436c617373205649223b733a31323a22626f6172645f66696c746572223b733a353a225374617465223b733a383a227375626a65637473223b733a31363a22436f6d707574657220536369656e6365223b733a31333a22706169645f7475746f7269616c223b4e3b733a31333a22667265655f7475746f7269616c223b733a313a2259223b733a383a22426567696e6e6572223b4e3b733a31323a22496e7465726d656469617465223b4e3b733a363a22457870657274223b4e3b7d5f5f63695f766172737c613a313a7b733a31313a2266696c7465725f64617461223b693a313538393033343234373b7d),
('h8qep04ke7pjh0q6l81mo7q8r96354vh', '::1', 1589034875, 0x5f5f63695f6c6173745f726567656e65726174657c693a313538393033343639343b),
('av9nlq2ofiikal7dq7f3mfj2es5l2r9o', '::1', 1589035751, 0x5f5f63695f6c6173745f726567656e65726174657c693a313538393033353530313b),
('g444shr8htaun48o83kj5rgpd1jdeus0', '::1', 1589036302, 0x5f5f63695f6c6173745f726567656e65726174657c693a313538393033363034333b),
('049nuc173foqec1jdh01id3espm0ibeh', '::1', 1589036616, 0x5f5f63695f6c6173745f726567656e65726174657c693a313538393033363430333b),
('i03nbkb5o1kg93pu5tgp9705kuqht9o4', '::1', 1589043158, 0x5f5f63695f6c6173745f726567656e65726174657c693a313538393034323838323b),
('tirjjbarf2t7o6q2ge29177i6i6ir7b6', '::1', 1589043238, 0x5f5f63695f6c6173745f726567656e65726174657c693a313538393034333231313b),
('sgvks5agvvupem0lmllqjb4udofksarv', '::1', 1589043588, 0x5f5f63695f6c6173745f726567656e65726174657c693a313538393034333538383b),
('7t7lgeqpq9qgqmrq5btqruah6ef7gvmk', '::1', 1589044211, 0x5f5f63695f6c6173745f726567656e65726174657c693a313538393034343231313b),
('qasj0hfph8d30ugi3elf20vpiumg0d2d', '::1', 1589044816, 0x5f5f63695f6c6173745f726567656e65726174657c693a313538393034343537353b),
('8ckrotn7nui5nejjrg4djf07ql8n0tc1', '::1', 1589045128, 0x5f5f63695f6c6173745f726567656e65726174657c693a313538393034343935343b),
('8t79s64pskrgkantb6j58ej5h6c00ts8', '::1', 1589045512, 0x5f5f63695f6c6173745f726567656e65726174657c693a313538393034353235353b),
('rfgah5bm0bckpkgjjma0ebtdt4c5esl9', '::1', 1589045867, 0x5f5f63695f6c6173745f726567656e65726174657c693a313538393034353636343b),
('2pfnanpraqsn7ufltbm5948du4p95ti3', '::1', 1589046261, 0x5f5f63695f6c6173745f726567656e65726174657c693a313538393034353939333b),
('tgf6gfr01n816i3ar5udfcqa8bmqu8r9', '::1', 1589046912, 0x5f5f63695f6c6173745f726567656e65726174657c693a313538393034363637373b),
('5diqs0tojtfgc1gsl29nlm8sltvaqbba', '::1', 1589047321, 0x5f5f63695f6c6173745f726567656e65726174657c693a313538393034373132323b),
('kdjg61s6pm8j3dq658pbhc93ja3pe67d', '::1', 1589048012, 0x5f5f63695f6c6173745f726567656e65726174657c693a313538393034373735363b),
('03levd7l5c1odkg4ccg918cqljtrfl4u', '::1', 1589048136, 0x5f5f63695f6c6173745f726567656e65726174657c693a313538393034383037323b),
('pbgq8ilc6b9a514ro8rs29ib48vg1red', '::1', 1589048854, 0x5f5f63695f6c6173745f726567656e65726174657c693a313538393034383539353b),
('mcqr728qgf4mpmaenrki2mrbo7jlecsn', '::1', 1589049709, 0x5f5f63695f6c6173745f726567656e65726174657c693a313538393034393637323b),
('r9829g75ag2rvro9617jfe3ikdgfeudl', '::1', 1589050680, 0x5f5f63695f6c6173745f726567656e65726174657c693a313538393035303533303b),
('v92lv16q7lti0chcdkjb1dihnv6aob8f', '::1', 1589052951, 0x5f5f63695f6c6173745f726567656e65726174657c693a313538393035323638303b757365725f69647c733a313a2233223b757365725f656d61696c7c733a32393a2273756d616e2e323638373435322e6d616a686940676d61696c2e636f6d223b66756c6c5f6e616d657c733a31303a2253756d616e204d616a69223b726567697374726174696f6e5f747970657c733a313a2232223b7374617475737c733a313a2231223b),
('bnn3pdji0ucnb7gca9vqgcic9rj2bg92', '::1', 1589053540, 0x5f5f63695f6c6173745f726567656e65726174657c693a313538393035333135333b757365725f69647c733a313a2233223b757365725f656d61696c7c733a32393a2273756d616e2e323638373435322e6d616a686940676d61696c2e636f6d223b66756c6c5f6e616d657c733a31303a2253756d616e204d616a69223b726567697374726174696f6e5f747970657c733a313a2232223b7374617475737c733a313a2231223b),
('t87s9v4u8tbaalukqauk3oreth2ubab2', '::1', 1589053828, 0x5f5f63695f6c6173745f726567656e65726174657c693a313538393035333539373b757365725f69647c733a313a2233223b757365725f656d61696c7c733a32393a2273756d616e2e323638373435322e6d616a686940676d61696c2e636f6d223b66756c6c5f6e616d657c733a31303a2253756d616e204d616a69223b726567697374726174696f6e5f747970657c733a313a2232223b7374617475737c733a313a2231223b),
('mhvnkqnvtlu486t7f5ff23o3vgmom8mo', '::1', 1589161403, 0x5f5f63695f6c6173745f726567656e65726174657c693a313538393136313430333b),
('h3sbqbup9o8gip8ltosp84ruar1jqt6o', '::1', 1589164521, 0x5f5f63695f6c6173745f726567656e65726174657c693a313538393136323634303b757365725f69647c733a313a2234223b757365725f656d61696c7c733a32323a2269616d73756d616e3138303840676d61696c2e636f6d223b66756c6c5f6e616d657c733a393a22426162616920526f79223b726567697374726174696f6e5f747970657c733a313a2231223b7374617475737c733a313a2231223b),
('m2g3hgn094m5f975du19snu00pb62vpg', '::1', 1589164576, 0x5f5f63695f6c6173745f726567656e65726174657c693a313538393136343537323b757365725f69647c733a313a2234223b757365725f656d61696c7c733a32323a2269616d73756d616e3138303840676d61696c2e636f6d223b66756c6c5f6e616d657c733a393a22426162616920526f79223b726567697374726174696f6e5f747970657c733a313a2231223b7374617475737c733a313a2231223b),
('5ua9o0hcmov4jmisihsp0vq8ei0d64nr', '::1', 1589167000, 0x5f5f63695f6c6173745f726567656e65726174657c693a313538393136363939303b757365725f69647c733a313a2234223b757365725f656d61696c7c733a32323a2269616d73756d616e3138303840676d61696c2e636f6d223b66756c6c5f6e616d657c733a393a22426162616920526f79223b726567697374726174696f6e5f747970657c733a313a2231223b7374617475737c733a313a2231223b),
('9a18ff0j314d4c4kr26r789kssq42729', '::1', 1589204485, 0x5f5f63695f6c6173745f726567656e65726174657c693a313538393230343438343b),
('k0k997odiciji9parcashq8gt833leos', '::1', 1589205965, 0x5f5f63695f6c6173745f726567656e65726174657c693a313538393230353837363b757365725f69647c733a313a2234223b757365725f656d61696c7c733a32323a2269616d73756d616e3138303840676d61696c2e636f6d223b66756c6c5f6e616d657c733a393a22426162616920526f79223b726567697374726174696f6e5f747970657c733a313a2231223b7374617475737c733a313a2231223b),
('53rgpon0jg45pp269n7o21553q64o2k6', '::1', 1589206509, 0x5f5f63695f6c6173745f726567656e65726174657c693a313538393230363231363b757365725f69647c733a313a2234223b757365725f656d61696c7c733a32323a2269616d73756d616e3138303840676d61696c2e636f6d223b66756c6c5f6e616d657c733a393a22426162616920526f79223b726567697374726174696f6e5f747970657c733a313a2231223b7374617475737c733a313a2231223b),
('vavp2r78js4c5lv52pvo5jfiu1kpb53l', '::1', 1589207166, 0x5f5f63695f6c6173745f726567656e65726174657c693a313538393230363934383b757365725f69647c733a313a2234223b757365725f656d61696c7c733a32323a2269616d73756d616e3138303840676d61696c2e636f6d223b66756c6c5f6e616d657c733a393a22426162616920526f79223b726567697374726174696f6e5f747970657c733a313a2231223b7374617475737c733a313a2231223b),
('u57dgic349hrpfqm8q3fsbf0usacm20t', '::1', 1589208004, 0x5f5f63695f6c6173745f726567656e65726174657c693a313538393230373932393b757365725f69647c733a313a2234223b757365725f656d61696c7c733a32323a2269616d73756d616e3138303840676d61696c2e636f6d223b66756c6c5f6e616d657c733a393a22426162616920526f79223b726567697374726174696f6e5f747970657c733a313a2231223b7374617475737c733a313a2231223b),
('8h4uiec3os3piq1n8n1pk6c271ni2rnj', '::1', 1589208711, 0x5f5f63695f6c6173745f726567656e65726174657c693a313538393230383337343b757365725f69647c733a313a2234223b757365725f656d61696c7c733a32323a2269616d73756d616e3138303840676d61696c2e636f6d223b66756c6c5f6e616d657c733a393a22426162616920526f79223b726567697374726174696f6e5f747970657c733a313a2231223b7374617475737c733a313a2231223b),
('3altp2fjf3h14k97pknoplge94mqdpqb', '::1', 1589209134, 0x5f5f63695f6c6173745f726567656e65726174657c693a313538393230383835343b757365725f69647c733a313a2234223b757365725f656d61696c7c733a32323a2269616d73756d616e3138303840676d61696c2e636f6d223b66756c6c5f6e616d657c733a393a22426162616920526f79223b726567697374726174696f6e5f747970657c733a313a2231223b7374617475737c733a313a2231223b),
('3e62rqcvgpuv469jm6fn0emcttialgql', '::1', 1589209349, 0x5f5f63695f6c6173745f726567656e65726174657c693a313538393230393332383b757365725f69647c733a313a2234223b757365725f656d61696c7c733a32323a2269616d73756d616e3138303840676d61696c2e636f6d223b66756c6c5f6e616d657c733a393a22426162616920526f79223b726567697374726174696f6e5f747970657c733a313a2231223b7374617475737c733a313a2231223b),
('6g83j2g10l5ailtvb2hv04mtmfbrgt8a', '::1', 1589618784, 0x5f5f63695f6c6173745f726567656e65726174657c693a313538393631383533393b7365617263685f646174617c613a343a7b733a31333a2263617465676f72795f6e616d65223b733a383a2243617465676f7279223b733a31303a22626f6172645f6e616d65223b733a353a22426f617264223b733a31323a227375626a6563745f6e616d65223b733a373a225375626a656374223b733a31343a227475746f7269616c735f6e616d65223b733a303a22223b7d5f5f63695f766172737c613a313a7b733a31313a227365617263685f64617461223b693a313538393631383835373b7d757365725f69647c733a313a2234223b757365725f656d61696c7c733a32323a2269616d73756d616e3138303840676d61696c2e636f6d223b66756c6c5f6e616d657c733a393a22426162616920526f79223b726567697374726174696f6e5f747970657c733a313a2231223b7374617475737c733a313a2231223b),
('06sl5bjqpk4fh3da2a6d8q4rh4dmscfp', '::1', 1589619414, 0x5f5f63695f6c6173745f726567656e65726174657c693a313538393631383934363b757365725f69647c733a313a2234223b757365725f656d61696c7c733a32323a2269616d73756d616e3138303840676d61696c2e636f6d223b66756c6c5f6e616d657c733a393a22426162616920526f79223b726567697374726174696f6e5f747970657c733a313a2231223b7374617475737c733a313a2231223b),
('ml8k3r9t8s306fke7lu2o9smbfp9s7m1', '::1', 1589619702, 0x5f5f63695f6c6173745f726567656e65726174657c693a313538393631393431393b757365725f69647c733a313a2234223b757365725f656d61696c7c733a32323a2269616d73756d616e3138303840676d61696c2e636f6d223b66756c6c5f6e616d657c733a393a22426162616920526f79223b726567697374726174696f6e5f747970657c733a313a2231223b7374617475737c733a313a2231223b),
('kl4hrstole5nlv3i9jo69t0cj9gfcg9d', '::1', 1589619973, 0x5f5f63695f6c6173745f726567656e65726174657c693a313538393631393735363b757365725f69647c733a313a2234223b757365725f656d61696c7c733a32323a2269616d73756d616e3138303840676d61696c2e636f6d223b66756c6c5f6e616d657c733a393a22426162616920526f79223b726567697374726174696f6e5f747970657c733a313a2231223b7374617475737c733a313a2231223b),
('fvq4t35brvokdhjouh22qu31llm4udq9', '::1', 1589621034, 0x5f5f63695f6c6173745f726567656e65726174657c693a313538393632303733353b757365725f69647c733a313a2234223b757365725f656d61696c7c733a32323a2269616d73756d616e3138303840676d61696c2e636f6d223b66756c6c5f6e616d657c733a393a22426162616920526f79223b726567697374726174696f6e5f747970657c733a313a2231223b7374617475737c733a313a2231223b),
('noc98im36g55mjpa2d9ejmseh57ripm8', '::1', 1589621386, 0x5f5f63695f6c6173745f726567656e65726174657c693a313538393632313239303b757365725f69647c733a313a2234223b757365725f656d61696c7c733a32323a2269616d73756d616e3138303840676d61696c2e636f6d223b66756c6c5f6e616d657c733a393a22426162616920526f79223b726567697374726174696f6e5f747970657c733a313a2231223b7374617475737c733a313a2231223b),
('um5an4s4tmm2tuvsep3e4ala1br757sg', '::1', 1589621850, 0x5f5f63695f6c6173745f726567656e65726174657c693a313538393632313630303b757365725f69647c733a313a2234223b757365725f656d61696c7c733a32323a2269616d73756d616e3138303840676d61696c2e636f6d223b66756c6c5f6e616d657c733a393a22426162616920526f79223b726567697374726174696f6e5f747970657c733a313a2231223b7374617475737c733a313a2231223b),
('dfhk93nkopvu84kcvlc9o950284butho', '::1', 1589622869, 0x5f5f63695f6c6173745f726567656e65726174657c693a313538393632323539393b757365725f69647c733a313a2234223b757365725f656d61696c7c733a32323a2269616d73756d616e3138303840676d61696c2e636f6d223b66756c6c5f6e616d657c733a393a22426162616920526f79223b726567697374726174696f6e5f747970657c733a313a2231223b7374617475737c733a313a2231223b7365617263685f646174617c613a343a7b733a31333a2263617465676f72795f6e616d65223b733a383a2243617465676f7279223b733a31303a22626f6172645f6e616d65223b733a353a22426f617264223b733a31323a227375626a6563745f6e616d65223b733a373a225375626a656374223b733a31343a227475746f7269616c735f6e616d65223b733a303a22223b7d5f5f63695f766172737c613a313a7b733a31313a227365617263685f64617461223b693a313538393632323930353b7d),
('juu821ogpvm7thhbh7hsn45gnbe0baur', '::1', 1589623884, 0x5f5f63695f6c6173745f726567656e65726174657c693a313538393632333632353b757365725f69647c733a313a2234223b757365725f656d61696c7c733a32323a2269616d73756d616e3138303840676d61696c2e636f6d223b66756c6c5f6e616d657c733a393a22426162616920526f79223b726567697374726174696f6e5f747970657c733a313a2231223b7374617475737c733a313a2231223b),
('2haa1qhr7crsluiuos5jnb6dvj708ihc', '::1', 1589624187, 0x5f5f63695f6c6173745f726567656e65726174657c693a313538393632343035353b757365725f69647c733a313a2234223b757365725f656d61696c7c733a32323a2269616d73756d616e3138303840676d61696c2e636f6d223b66756c6c5f6e616d657c733a393a22426162616920526f79223b726567697374726174696f6e5f747970657c733a313a2231223b7374617475737c733a313a2231223b),
('a83n7ckkpf47qbr1as00au3ib0gknh7i', '::1', 1589624717, 0x5f5f63695f6c6173745f726567656e65726174657c693a313538393632343435323b757365725f69647c733a313a2234223b757365725f656d61696c7c733a32323a2269616d73756d616e3138303840676d61696c2e636f6d223b66756c6c5f6e616d657c733a393a22426162616920526f79223b726567697374726174696f6e5f747970657c733a313a2231223b7374617475737c733a313a2231223b),
('gthmv95jvv8fenrtbju9c1b8r6a9hf2h', '::1', 1589626687, 0x5f5f63695f6c6173745f726567656e65726174657c693a313538393632363436323b757365725f69647c733a313a2234223b757365725f656d61696c7c733a32323a2269616d73756d616e3138303840676d61696c2e636f6d223b66756c6c5f6e616d657c733a393a22426162616920526f79223b726567697374726174696f6e5f747970657c733a313a2231223b7374617475737c733a313a2231223b),
('e7itojvi60495ap3eun3adklc91hpbqm', '::1', 1589638596, 0x5f5f63695f6c6173745f726567656e65726174657c693a313538393633383330383b757365725f69647c733a313a2234223b757365725f656d61696c7c733a32323a2269616d73756d616e3138303840676d61696c2e636f6d223b66756c6c5f6e616d657c733a393a22426162616920526f79223b726567697374726174696f6e5f747970657c733a313a2231223b7374617475737c733a313a2231223b),
('1shok4jki1cm8hk83fb634bbnc8ag8lj', '::1', 1589639035, 0x5f5f63695f6c6173745f726567656e65726174657c693a313538393633383736333b757365725f69647c733a313a2234223b757365725f656d61696c7c733a32323a2269616d73756d616e3138303840676d61696c2e636f6d223b66756c6c5f6e616d657c733a393a22426162616920526f79223b726567697374726174696f6e5f747970657c733a313a2231223b7374617475737c733a313a2231223b),
('qkvfc5b0bksnuu8ac2qemh1k50l0282c', '::1', 1589640491, 0x5f5f63695f6c6173745f726567656e65726174657c693a313538393634303433373b757365725f69647c733a313a2234223b757365725f656d61696c7c733a32323a2269616d73756d616e3138303840676d61696c2e636f6d223b66756c6c5f6e616d657c733a393a22426162616920526f79223b726567697374726174696f6e5f747970657c733a313a2231223b7374617475737c733a313a2231223b),
('ssmn20h14v800hbplr867k18k8mtf68m', '::1', 1589641124, 0x5f5f63695f6c6173745f726567656e65726174657c693a313538393634303832363b757365725f69647c733a313a2234223b757365725f656d61696c7c733a32323a2269616d73756d616e3138303840676d61696c2e636f6d223b66756c6c5f6e616d657c733a393a22426162616920526f79223b726567697374726174696f6e5f747970657c733a313a2231223b7374617475737c733a313a2231223b),
('u50bk2ubedvb0mr2n6smtu986ng5ggvl', '::1', 1589642258, 0x5f5f63695f6c6173745f726567656e65726174657c693a313538393634313737373b757365725f69647c733a313a2234223b757365725f656d61696c7c733a32323a2269616d73756d616e3138303840676d61696c2e636f6d223b66756c6c5f6e616d657c733a393a22426162616920526f79223b726567697374726174696f6e5f747970657c733a313a2231223b7374617475737c733a313a2231223b),
('d36ng5ssu1c8fpnml4nctdgp5vjucd4h', '::1', 1589642259, 0x5f5f63695f6c6173745f726567656e65726174657c693a313538393634323235393b757365725f69647c733a313a2234223b757365725f656d61696c7c733a32323a2269616d73756d616e3138303840676d61696c2e636f6d223b66756c6c5f6e616d657c733a393a22426162616920526f79223b726567697374726174696f6e5f747970657c733a313a2231223b7374617475737c733a313a2231223b),
('kqbpt8j6m688o26cjb2moq998knhrcfj', '::1', 1589642690, 0x5f5f63695f6c6173745f726567656e65726174657c693a313538393634323631393b757365725f69647c733a313a2234223b757365725f656d61696c7c733a32323a2269616d73756d616e3138303840676d61696c2e636f6d223b66756c6c5f6e616d657c733a393a22426162616920526f79223b726567697374726174696f6e5f747970657c733a313a2231223b7374617475737c733a313a2231223b),
('0o5ehned6sdokmnv957r2ms2j5pjljtq', '::1', 1589643422, 0x5f5f63695f6c6173745f726567656e65726174657c693a313538393634333131393b757365725f69647c733a313a2234223b757365725f656d61696c7c733a32323a2269616d73756d616e3138303840676d61696c2e636f6d223b66756c6c5f6e616d657c733a393a22426162616920526f79223b726567697374726174696f6e5f747970657c733a313a2231223b7374617475737c733a313a2231223b),
('f0nclf9n2b9gabcb07h7ep8nrgi07suu', '::1', 1589643497, 0x5f5f63695f6c6173745f726567656e65726174657c693a313538393634333432323b757365725f69647c733a313a2234223b757365725f656d61696c7c733a32323a2269616d73756d616e3138303840676d61696c2e636f6d223b66756c6c5f6e616d657c733a393a22426162616920526f79223b726567697374726174696f6e5f747970657c733a313a2231223b7374617475737c733a313a2231223b),
('a8r7k9s5de8ci6l3plrc63efd64o0kbo', '::1', 1589645096, 0x5f5f63695f6c6173745f726567656e65726174657c693a313538393634343936363b757365725f69647c733a313a2234223b757365725f656d61696c7c733a32323a2269616d73756d616e3138303840676d61696c2e636f6d223b66756c6c5f6e616d657c733a393a22426162616920526f79223b726567697374726174696f6e5f747970657c733a313a2231223b7374617475737c733a313a2231223b),
('ehushr023rr1socdtv6bdvjvvgg30gc2', '::1', 1589645576, 0x5f5f63695f6c6173745f726567656e65726174657c693a313538393634353335393b757365725f69647c733a313a2234223b757365725f656d61696c7c733a32323a2269616d73756d616e3138303840676d61696c2e636f6d223b66756c6c5f6e616d657c733a393a22426162616920526f79223b726567697374726174696f6e5f747970657c733a313a2231223b7374617475737c733a313a2231223b),
('h16ipo0f8vt0kj47t2s57g4vohir02dj', '::1', 1589646348, 0x5f5f63695f6c6173745f726567656e65726174657c693a313538393634363334323b757365725f69647c733a313a2234223b757365725f656d61696c7c733a32323a2269616d73756d616e3138303840676d61696c2e636f6d223b66756c6c5f6e616d657c733a393a22426162616920526f79223b726567697374726174696f6e5f747970657c733a313a2231223b7374617475737c733a313a2231223b),
('4i4gd90jpo03a3a4sqqp19j3n2qi1f9q', '::1', 1589647400, 0x5f5f63695f6c6173745f726567656e65726174657c693a313538393634373233333b757365725f69647c733a313a2234223b757365725f656d61696c7c733a32323a2269616d73756d616e3138303840676d61696c2e636f6d223b66756c6c5f6e616d657c733a393a22426162616920526f79223b726567697374726174696f6e5f747970657c733a313a2231223b7374617475737c733a313a2231223b),
('pk0kll9dfln5qrvfgpn70dnpnv7st1o0', '::1', 1589648439, 0x5f5f63695f6c6173745f726567656e65726174657c693a313538393634383432393b757365725f69647c733a313a2234223b757365725f656d61696c7c733a32323a2269616d73756d616e3138303840676d61696c2e636f6d223b66756c6c5f6e616d657c733a393a22426162616920526f79223b726567697374726174696f6e5f747970657c733a313a2231223b7374617475737c733a313a2231223b),
('j6efv93rnerd7o7hu9rnbkd9qsftspkh', '::1', 1589649080, 0x5f5f63695f6c6173745f726567656e65726174657c693a313538393634383933333b757365725f69647c733a313a2234223b757365725f656d61696c7c733a32323a2269616d73756d616e3138303840676d61696c2e636f6d223b66756c6c5f6e616d657c733a393a22426162616920526f79223b726567697374726174696f6e5f747970657c733a313a2231223b7374617475737c733a313a2231223b),
('6vso2cd90pe2er6uug40bk918552sadk', '::1', 1589656766, 0x5f5f63695f6c6173745f726567656e65726174657c693a313538393635363736353b),
('amv7nn5s8ll8n2rq7vu9jckpo6o4k1ma', '::1', 1589656766, 0x5f5f63695f6c6173745f726567656e65726174657c693a313538393635363736353b),
('ser3fm1buv9b7r95mcgnk2mkgjl65bmr', '::1', 1589656766, 0x5f5f63695f6c6173745f726567656e65726174657c693a313538393635363736363b),
('q3skj88v3bkub7548h43uj9isdbipbcq', '::1', 1589660986, 0x5f5f63695f6c6173745f726567656e65726174657c693a313538393636303938333b),
('741ftjja51d37r1u44759t5pv6dkhltr', '::1', 1589662877, 0x5f5f63695f6c6173745f726567656e65726174657c693a313538393636323836303b757365725f69647c733a313a2234223b757365725f656d61696c7c733a32323a2269616d73756d616e3138303840676d61696c2e636f6d223b66756c6c5f6e616d657c733a393a22426162616920526f79223b726567697374726174696f6e5f747970657c733a313a2231223b7374617475737c733a313a2231223b),
('akcbvorn4tc5jggtbpbr8a2innrluojc', '::1', 1589663656, 0x5f5f63695f6c6173745f726567656e65726174657c693a313538393636333239313b757365725f69647c733a313a2234223b757365725f656d61696c7c733a32323a2269616d73756d616e3138303840676d61696c2e636f6d223b66756c6c5f6e616d657c733a393a22426162616920526f79223b726567697374726174696f6e5f747970657c733a313a2231223b7374617475737c733a313a2231223b),
('m63hlnhdfgh2lkihfai7q1bgb0trj54r', '::1', 1589663990, 0x5f5f63695f6c6173745f726567656e65726174657c693a313538393636333635363b757365725f69647c733a313a2234223b757365725f656d61696c7c733a32323a2269616d73756d616e3138303840676d61696c2e636f6d223b66756c6c5f6e616d657c733a393a22426162616920526f79223b726567697374726174696f6e5f747970657c733a313a2231223b7374617475737c733a313a2231223b),
('02748eqs6t1et636hp1jg9a5dtfbf2f4', '::1', 1589664635, 0x5f5f63695f6c6173745f726567656e65726174657c693a313538393636343333383b757365725f69647c733a313a2233223b757365725f656d61696c7c733a32393a2273756d616e2e323638373435322e6d616a686940676d61696c2e636f6d223b66756c6c5f6e616d657c733a31303a2253756d616e204d616a69223b726567697374726174696f6e5f747970657c733a313a2232223b7374617475737c733a313a2231223b7365617263685f646174617c613a343a7b733a31333a2263617465676f72795f6e616d65223b733a383a2243617465676f7279223b733a31303a22626f6172645f6e616d65223b733a353a22426f617264223b733a31323a227375626a6563745f6e616d65223b733a373a225375626a656374223b733a31343a227475746f7269616c735f6e616d65223b733a303a22223b7d5f5f63695f766172737c613a313a7b733a31313a227365617263685f64617461223b693a313538393636343933353b7d),
('nvhmchjntdiba9arggkrq82149um2qet', '::1', 1589664661, 0x5f5f63695f6c6173745f726567656e65726174657c693a313538393636343636313b757365725f69647c733a313a2233223b757365725f656d61696c7c733a32393a2273756d616e2e323638373435322e6d616a686940676d61696c2e636f6d223b66756c6c5f6e616d657c733a31303a2253756d616e204d616a69223b726567697374726174696f6e5f747970657c733a313a2232223b7374617475737c733a313a2231223b7365617263685f646174617c613a343a7b733a31333a2263617465676f72795f6e616d65223b733a383a2243617465676f7279223b733a31303a22626f6172645f6e616d65223b733a353a22426f617264223b733a31323a227375626a6563745f6e616d65223b733a373a225375626a656374223b733a31343a227475746f7269616c735f6e616d65223b733a303a22223b7d5f5f63695f766172737c613a313a7b733a31313a227365617263685f64617461223b693a313538393636343933353b7d),
('qcpq8k75in3qd8ueu3ucb9volm153die', '::1', 1589666573, 0x5f5f63695f6c6173745f726567656e65726174657c693a313538393636363033323b757365725f69647c733a313a2233223b757365725f656d61696c7c733a32393a2273756d616e2e323638373435322e6d616a686940676d61696c2e636f6d223b66756c6c5f6e616d657c733a31303a2253756d616e204d616a69223b726567697374726174696f6e5f747970657c733a313a2232223b7374617475737c733a313a2231223b),
('v836u8jnp0lno24q9goopsobu15ed3kn', '::1', 1589667869, 0x5f5f63695f6c6173745f726567656e65726174657c693a313538393636373135323b757365725f69647c733a313a2233223b757365725f656d61696c7c733a32393a2273756d616e2e323638373435322e6d616a686940676d61696c2e636f6d223b66756c6c5f6e616d657c733a31303a2253756d616e204d616a69223b726567697374726174696f6e5f747970657c733a313a2232223b7374617475737c733a313a2231223b);
INSERT INTO `ci_sessions` (`id`, `ip_address`, `timestamp`, `data`) VALUES
('3gjfdd300da7dof90fd5hc2uo0gba0ab', '::1', 1589668417, 0x5f5f63695f6c6173745f726567656e65726174657c693a313538393636383233303b757365725f69647c733a313a2233223b757365725f656d61696c7c733a32393a2273756d616e2e323638373435322e6d616a686940676d61696c2e636f6d223b66756c6c5f6e616d657c733a31303a2253756d616e204d616a69223b726567697374726174696f6e5f747970657c733a313a2232223b7374617475737c733a313a2231223b),
('ve8v57in2fkpg7n62ehfm5le7b52gch6', '::1', 1589669536, 0x5f5f63695f6c6173745f726567656e65726174657c693a313538393636393039373b757365725f69647c733a313a2233223b757365725f656d61696c7c733a32393a2273756d616e2e323638373435322e6d616a686940676d61696c2e636f6d223b66756c6c5f6e616d657c733a31303a2253756d616e204d616a69223b726567697374726174696f6e5f747970657c733a313a2232223b7374617475737c733a313a2231223b),
('uijemtjh26510ati0k8qdqvphi6ped8k', '::1', 1589669934, 0x5f5f63695f6c6173745f726567656e65726174657c693a313538393636393631313b757365725f69647c733a313a2233223b757365725f656d61696c7c733a32393a2273756d616e2e323638373435322e6d616a686940676d61696c2e636f6d223b66756c6c5f6e616d657c733a31303a2253756d616e204d616a69223b726567697374726174696f6e5f747970657c733a313a2232223b7374617475737c733a313a2231223b),
('bbi3blri9l6u3t8gn6ndj6uloau4e29e', '::1', 1589670225, 0x5f5f63695f6c6173745f726567656e65726174657c693a313538393636393935313b757365725f69647c733a313a2233223b757365725f656d61696c7c733a32393a2273756d616e2e323638373435322e6d616a686940676d61696c2e636f6d223b66756c6c5f6e616d657c733a31303a2253756d616e204d616a69223b726567697374726174696f6e5f747970657c733a313a2232223b7374617475737c733a313a2231223b),
('ahdhrqfcj17qmpu6qjd6at4226m2s2lp', '::1', 1589670994, 0x5f5f63695f6c6173745f726567656e65726174657c693a313538393637303433363b757365725f69647c733a313a2233223b757365725f656d61696c7c733a32393a2273756d616e2e323638373435322e6d616a686940676d61696c2e636f6d223b66756c6c5f6e616d657c733a31303a2253756d616e204d616a69223b726567697374726174696f6e5f747970657c733a313a2232223b7374617475737c733a313a2231223b),
('jaed6pu4bcnfoper3o3qe97j708186hq', '::1', 1589671616, 0x5f5f63695f6c6173745f726567656e65726174657c693a313538393637313538363b757365725f69647c733a313a2233223b757365725f656d61696c7c733a32393a2273756d616e2e323638373435322e6d616a686940676d61696c2e636f6d223b66756c6c5f6e616d657c733a31303a2253756d616e204d616a69223b726567697374726174696f6e5f747970657c733a313a2232223b7374617475737c733a313a2231223b),
('u300ndtn57olog788s20sq7fgbpm2mk9', '::1', 1589673808, 0x5f5f63695f6c6173745f726567656e65726174657c693a313538393637333437303b757365725f69647c733a313a2233223b757365725f656d61696c7c733a32393a2273756d616e2e323638373435322e6d616a686940676d61696c2e636f6d223b66756c6c5f6e616d657c733a31303a2253756d616e204d616a69223b726567697374726174696f6e5f747970657c733a313a2232223b7374617475737c733a313a2231223b),
('n4pcdq6mfrv74g0ir373c0kjqqq3b55e', '::1', 1589674288, 0x5f5f63695f6c6173745f726567656e65726174657c693a313538393637343133313b757365725f69647c733a313a2233223b757365725f656d61696c7c733a32393a2273756d616e2e323638373435322e6d616a686940676d61696c2e636f6d223b66756c6c5f6e616d657c733a31303a2253756d616e204d616a69223b726567697374726174696f6e5f747970657c733a313a2232223b7374617475737c733a313a2231223b),
('0n749qisknokmruofjbj7cde47eqmeus', '::1', 1589674767, 0x5f5f63695f6c6173745f726567656e65726174657c693a313538393637343436393b757365725f69647c733a313a2233223b757365725f656d61696c7c733a32393a2273756d616e2e323638373435322e6d616a686940676d61696c2e636f6d223b66756c6c5f6e616d657c733a31303a2253756d616e204d616a69223b726567697374726174696f6e5f747970657c733a313a2232223b7374617475737c733a313a2231223b),
('evick9ofim7qcnkmgesdb4uqlnmca8md', '::1', 1589675072, 0x5f5f63695f6c6173745f726567656e65726174657c693a313538393637343832353b757365725f69647c733a313a2233223b757365725f656d61696c7c733a32393a2273756d616e2e323638373435322e6d616a686940676d61696c2e636f6d223b66756c6c5f6e616d657c733a31303a2253756d616e204d616a69223b726567697374726174696f6e5f747970657c733a313a2232223b7374617475737c733a313a2231223b7365617263685f646174617c613a343a7b733a31333a2263617465676f72795f6e616d65223b733a383a2243617465676f7279223b733a31303a22626f6172645f6e616d65223b733a353a22426f617264223b733a31323a227375626a6563745f6e616d65223b733a373a225375626a656374223b733a31343a227475746f7269616c735f6e616d65223b733a303a22223b7d5f5f63695f766172737c613a313a7b733a31313a227365617263685f64617461223b693a313538393637353234373b7d),
('u5djhrpe36mj23fgfi0atuo5ik41rpdo', '::1', 1589675436, 0x5f5f63695f6c6173745f726567656e65726174657c693a313538393637353137303b757365725f69647c733a313a2233223b757365725f656d61696c7c733a32393a2273756d616e2e323638373435322e6d616a686940676d61696c2e636f6d223b66756c6c5f6e616d657c733a31303a2253756d616e204d616a69223b726567697374726174696f6e5f747970657c733a313a2232223b7374617475737c733a313a2231223b7475746f725f7365617263685f646174617c613a343a7b733a383a22636c6173735f6964223b733a353a22436c617373223b733a383a22626f6172645f6964223b733a353a22426f617264223b733a31303a227375626a6563745f6964223b733a373a225375626a656374223b733a383a226c6f636174696f6e223b733a303a22223b7d5f5f63695f766172737c613a323a7b733a31373a227475746f725f7365617263685f64617461223b693a313538393637353636373b733a31313a227365617263685f64617461223b693a313538393637353637313b7d7365617263685f646174617c613a343a7b733a31333a2263617465676f72795f6e616d65223b733a383a2243617465676f7279223b733a31303a22626f6172645f6e616d65223b733a353a22426f617264223b733a31323a227375626a6563745f6e616d65223b733a373a225375626a656374223b733a31343a227475746f7269616c735f6e616d65223b733a303a22223b7d),
('n7loekqc93hcci46783cbsq1k2ngfhas', '::1', 1589675913, 0x5f5f63695f6c6173745f726567656e65726174657c693a313538393637353830353b757365725f69647c733a313a2233223b757365725f656d61696c7c733a32393a2273756d616e2e323638373435322e6d616a686940676d61696c2e636f6d223b66756c6c5f6e616d657c733a31303a2253756d616e204d616a69223b726567697374726174696f6e5f747970657c733a313a2232223b7374617475737c733a313a2231223b),
('7srmobn3utrpci80k3v5keqvm5attg23', '::1', 1589676366, 0x5f5f63695f6c6173745f726567656e65726174657c693a313538393637363233353b757365725f69647c733a313a2233223b757365725f656d61696c7c733a32393a2273756d616e2e323638373435322e6d616a686940676d61696c2e636f6d223b66756c6c5f6e616d657c733a31303a2253756d616e204d616a69223b726567697374726174696f6e5f747970657c733a313a2232223b7374617475737c733a313a2231223b),
('c2aeee30248b7af5727ddbb848f2dd8dc5e5e771', '127.0.0.1', 1589831192, 0x5f5f63695f6c6173745f726567656e65726174657c693a313538393833313139323b757365725f69647c733a313a2234223b757365725f656d61696c7c733a32323a2269616d73756d616e3138303840676d61696c2e636f6d223b66756c6c5f6e616d657c733a393a22426162616920526f79223b726567697374726174696f6e5f747970657c733a313a2231223b7374617475737c733a313a2231223b),
('112e6c8bdb4a34be0f5e1354306e55bd8249d3ad', '127.0.0.1', 1589831495, 0x5f5f63695f6c6173745f726567656e65726174657c693a313538393833313439353b757365725f69647c733a313a2234223b757365725f656d61696c7c733a32323a2269616d73756d616e3138303840676d61696c2e636f6d223b66756c6c5f6e616d657c733a393a22426162616920526f79223b726567697374726174696f6e5f747970657c733a313a2231223b7374617475737c733a313a2231223b7475746f725f7365617263685f646174617c613a343a7b733a383a22636c6173735f6964223b733a353a22436c617373223b733a383a22626f6172645f6964223b733a353a22426f617264223b733a31303a227375626a6563745f6964223b733a373a225375626a656374223b733a383a226c6f636174696f6e223b733a303a22223b7d5f5f63695f766172737c613a323a7b733a31373a227475746f725f7365617263685f64617461223b693a313538393833313738313b733a31313a227365617263685f64617461223b693a313538393833313739303b7d7365617263685f646174617c613a343a7b733a31333a2263617465676f72795f6e616d65223b733a383a2243617465676f7279223b733a31303a22626f6172645f6e616d65223b733a353a22426f617264223b733a31323a227375626a6563745f6e616d65223b733a373a225375626a656374223b733a31343a227475746f7269616c735f6e616d65223b733a303a22223b7d),
('211a73f322ef5af936ef108ff785b239a69254a6', '127.0.0.1', 1589831344, 0x5f5f63695f6c6173745f726567656e65726174657c693a313538393833313334343b),
('10de5058a247f6b5adce4eafa7aa067e9c5d5662', '127.0.0.1', 1589836981, 0x5f5f63695f6c6173745f726567656e65726174657c693a313538393833363938313b757365725f69647c733a313a2234223b757365725f656d61696c7c733a32323a2269616d73756d616e3138303840676d61696c2e636f6d223b66756c6c5f6e616d657c733a393a22426162616920526f79223b726567697374726174696f6e5f747970657c733a313a2231223b7374617475737c733a313a2231223b7475746f725f7365617263685f646174617c613a343a7b733a383a22636c6173735f6964223b733a353a22436c617373223b733a383a22626f6172645f6964223b733a353a22426f617264223b733a31303a227375626a6563745f6964223b733a373a225375626a656374223b733a383a226c6f636174696f6e223b733a303a22223b7d5f5f63695f766172737c613a323a7b733a31373a227475746f725f7365617263685f64617461223b693a313538393833313738313b733a31313a227365617263685f64617461223b693a313538393833313739303b7d7365617263685f646174617c613a343a7b733a31333a2263617465676f72795f6e616d65223b733a383a2243617465676f7279223b733a31303a22626f6172645f6e616d65223b733a353a22426f617264223b733a31323a227375626a6563745f6e616d65223b733a373a225375626a656374223b733a31343a227475746f7269616c735f6e616d65223b733a303a22223b7d),
('22ba1bf8ae1b9459d045098e87ba46c133761f05', '127.0.0.1', 1589837323, 0x5f5f63695f6c6173745f726567656e65726174657c693a313538393833373332333b757365725f69647c733a313a2234223b757365725f656d61696c7c733a32323a2269616d73756d616e3138303840676d61696c2e636f6d223b66756c6c5f6e616d657c733a393a22426162616920526f79223b726567697374726174696f6e5f747970657c733a313a2231223b7374617475737c733a313a2231223b),
('0bd97ce0198422ba72d6aacd5f9f24e98689345a', '127.0.0.1', 1589837833, 0x5f5f63695f6c6173745f726567656e65726174657c693a313538393833373833333b757365725f69647c733a313a2234223b757365725f656d61696c7c733a32323a2269616d73756d616e3138303840676d61696c2e636f6d223b66756c6c5f6e616d657c733a393a22426162616920526f79223b726567697374726174696f6e5f747970657c733a313a2231223b7374617475737c733a313a2231223b),
('2bcf89cb0ac19235ebe486a5e6af0d02381557d4', '127.0.0.1', 1589837575, 0x5f5f63695f6c6173745f726567656e65726174657c693a313538393833373537353b),
('0ce2ed92cfd96c4f855bd41c43d6b85fa4ac8700', '127.0.0.1', 1589838141, 0x5f5f63695f6c6173745f726567656e65726174657c693a313538393833383134313b757365725f69647c733a313a2234223b757365725f656d61696c7c733a32323a2269616d73756d616e3138303840676d61696c2e636f6d223b66756c6c5f6e616d657c733a393a22426162616920526f79223b726567697374726174696f6e5f747970657c733a313a2231223b7374617475737c733a313a2231223b6d73677c733a31393a2257726f6e6720456d61696c2041646472657373223b5f5f63695f766172737c613a313a7b733a333a226d7367223b733a333a226f6c64223b7d),
('cafb2b7a253da314ab0557b1bd621135f1f3411f', '127.0.0.1', 1589838445, 0x5f5f63695f6c6173745f726567656e65726174657c693a313538393833383434353b757365725f69647c733a313a2234223b757365725f656d61696c7c733a32323a2269616d73756d616e3138303840676d61696c2e636f6d223b66756c6c5f6e616d657c733a393a22426162616920526f79223b726567697374726174696f6e5f747970657c733a313a2231223b7374617475737c733a313a2231223b6d73677c733a31393a2257726f6e6720456d61696c2041646472657373223b5f5f63695f766172737c613a313a7b733a333a226d7367223b733a333a226f6c64223b7d),
('08c1bcd7b020a68b072d8f292a03d8f6a1b04656', '127.0.0.1', 1589838805, 0x5f5f63695f6c6173745f726567656e65726174657c693a313538393833383830353b757365725f69647c733a313a2234223b757365725f656d61696c7c733a32323a2269616d73756d616e3138303840676d61696c2e636f6d223b66756c6c5f6e616d657c733a393a22426162616920526f79223b726567697374726174696f6e5f747970657c733a313a2231223b7374617475737c733a313a2231223b6d73677c733a31343a2257726f6e672050617373776f7264223b5f5f63695f766172737c613a313a7b733a333a226d7367223b733a333a226f6c64223b7d),
('6f6b2055c6269b519d79699feed2cadab8e83410', '127.0.0.1', 1589838956, 0x5f5f63695f6c6173745f726567656e65726174657c693a313538393833383830353b757365725f69647c733a313a2234223b757365725f656d61696c7c733a32323a2269616d73756d616e3138303840676d61696c2e636f6d223b66756c6c5f6e616d657c733a353a2241646d696e223b726567697374726174696f6e5f747970657c733a313a2231223b7374617475737c733a313a2231223b61646d696e5f69647c733a313a2231223b656d61696c7c733a31353a2261646d696e4061646d696e2e636f6d223b),
('316f0cb2fac2c3d6ba5a15f2916ef4a647e40be5', '127.0.0.1', 1589866055, 0x5f5f63695f6c6173745f726567656e65726174657c693a313538393836363035353b),
('18e89b899cfa94ab9ad1b16c7a8ea19a3f15f676', '127.0.0.1', 1589875668, 0x5f5f63695f6c6173745f726567656e65726174657c693a313538393837353636383b),
('7132b404144a07b4878b7ccad3a5865674ac6fc1', '127.0.0.1', 1589875971, 0x5f5f63695f6c6173745f726567656e65726174657c693a313538393837353937313b61646d696e5f69647c733a313a2231223b656d61696c7c733a31353a2261646d696e4061646d696e2e636f6d223b66756c6c5f6e616d657c733a353a2241646d696e223b),
('0eb8e12af86005209b3a826d0cdd8096283dbb08', '127.0.0.1', 1589876314, 0x5f5f63695f6c6173745f726567656e65726174657c693a313538393837363331343b61646d696e5f69647c733a313a2231223b656d61696c7c733a31353a2261646d696e4061646d696e2e636f6d223b66756c6c5f6e616d657c733a353a2241646d696e223b),
('eea0ce19778aec8af47bc7eed1e232238e7ae842', '127.0.0.1', 1589877179, 0x5f5f63695f6c6173745f726567656e65726174657c693a313538393837373137393b61646d696e5f69647c733a313a2231223b656d61696c7c733a31353a2261646d696e4061646d696e2e636f6d223b66756c6c5f6e616d657c733a353a2241646d696e223b),
('a2ec2f4943ce92d5149ad603e3fe7b9d30826922', '127.0.0.1', 1589876483, 0x5f5f63695f6c6173745f726567656e65726174657c693a313538393837363438333b),
('0a1484aaeaab349f448c44fff12b292894f42c33', '127.0.0.1', 1589876483, 0x5f5f63695f6c6173745f726567656e65726174657c693a313538393837363438333b),
('a5189fc96099738c8d7f5ff6e19f4abec586ffa0', '127.0.0.1', 1589877482, 0x5f5f63695f6c6173745f726567656e65726174657c693a313538393837373438323b61646d696e5f69647c733a313a2231223b656d61696c7c733a31353a2261646d696e4061646d696e2e636f6d223b66756c6c5f6e616d657c733a353a2241646d696e223b),
('00a4b76763baec579fdac53593369c20fe7983d4', '127.0.0.1', 1589878007, 0x5f5f63695f6c6173745f726567656e65726174657c693a313538393837383030373b61646d696e5f69647c733a313a2231223b656d61696c7c733a31353a2261646d696e4061646d696e2e636f6d223b66756c6c5f6e616d657c733a353a2241646d696e223b),
('80f459a5bea8e22db31548d01dbbc94616f1fa5e', '127.0.0.1', 1589878905, 0x5f5f63695f6c6173745f726567656e65726174657c693a313538393837383930353b61646d696e5f69647c733a313a2231223b656d61696c7c733a31353a2261646d696e4061646d696e2e636f6d223b66756c6c5f6e616d657c733a353a2241646d696e223b),
('dde042110913207b3a5cfcb9bdc184b2d4ca9d3d', '127.0.0.1', 1589879235, 0x5f5f63695f6c6173745f726567656e65726174657c693a313538393837393233353b61646d696e5f69647c733a313a2231223b656d61696c7c733a31353a2261646d696e4061646d696e2e636f6d223b66756c6c5f6e616d657c733a353a2241646d696e223b),
('97d5b87f8aba09081542dd2dd5239120c13e12a6', '127.0.0.1', 1589879868, 0x5f5f63695f6c6173745f726567656e65726174657c693a313538393837393836383b61646d696e5f69647c733a313a2231223b656d61696c7c733a31353a2261646d696e4061646d696e2e636f6d223b66756c6c5f6e616d657c733a353a2241646d696e223b),
('1e8534dd0ad365966137bd7ff8294345d04161d9', '127.0.0.1', 1589880350, 0x5f5f63695f6c6173745f726567656e65726174657c693a313538393838303335303b61646d696e5f69647c733a313a2231223b656d61696c7c733a31353a2261646d696e4061646d696e2e636f6d223b66756c6c5f6e616d657c733a353a2241646d696e223b),
('42b52530885657b9b5de15a82401b60902dac980', '127.0.0.1', 1589881273, 0x5f5f63695f6c6173745f726567656e65726174657c693a313538393838313237333b61646d696e5f69647c733a313a2231223b656d61696c7c733a31353a2261646d696e4061646d696e2e636f6d223b66756c6c5f6e616d657c733a353a2241646d696e223b),
('2a1b8808993c86ea75896fbe83c940a3132990b6', '127.0.0.1', 1589882141, 0x5f5f63695f6c6173745f726567656e65726174657c693a313538393838323134313b61646d696e5f69647c733a313a2231223b656d61696c7c733a31353a2261646d696e4061646d696e2e636f6d223b66756c6c5f6e616d657c733a353a2241646d696e223b),
('e4e8d41cb24ec3f3e37592e086260f20966994c2', '127.0.0.1', 1589882966, 0x5f5f63695f6c6173745f726567656e65726174657c693a313538393838323936363b61646d696e5f69647c733a313a2231223b656d61696c7c733a31353a2261646d696e4061646d696e2e636f6d223b66756c6c5f6e616d657c733a353a2241646d696e223b),
('3a379b45ef40f9abad21dec1704fdc83df8f05de', '127.0.0.1', 1589883363, 0x5f5f63695f6c6173745f726567656e65726174657c693a313538393838333336333b61646d696e5f69647c733a313a2231223b656d61696c7c733a31353a2261646d696e4061646d696e2e636f6d223b66756c6c5f6e616d657c733a353a2241646d696e223b),
('62a80e8a64fa19ce2e724fc8a7fe6affc80b0039', '127.0.0.1', 1589883715, 0x5f5f63695f6c6173745f726567656e65726174657c693a313538393838333731353b61646d696e5f69647c733a313a2231223b656d61696c7c733a31353a2261646d696e4061646d696e2e636f6d223b66756c6c5f6e616d657c733a353a2241646d696e223b),
('c3d471edd19ac48cfc50fc021becd8e17688d105', '127.0.0.1', 1589884262, 0x5f5f63695f6c6173745f726567656e65726174657c693a313538393838343236323b61646d696e5f69647c733a313a2231223b656d61696c7c733a31353a2261646d696e4061646d696e2e636f6d223b66756c6c5f6e616d657c733a353a2241646d696e223b),
('b84eba629e381574a3ddbffa8003770f38ca05d3', '127.0.0.1', 1589883984, 0x5f5f63695f6c6173745f726567656e65726174657c693a313538393838333938343b),
('eb38c88e485ab882ca0211562de50df4cefd72a7', '127.0.0.1', 1589883984, 0x5f5f63695f6c6173745f726567656e65726174657c693a313538393838333938343b),
('c56fe9bf7b926bf26da7ed5e4fd12e17be635192', '127.0.0.1', 1589885174, 0x5f5f63695f6c6173745f726567656e65726174657c693a313538393838353137343b61646d696e5f69647c733a313a2231223b656d61696c7c733a31353a2261646d696e4061646d696e2e636f6d223b66756c6c5f6e616d657c733a353a2241646d696e223b),
('5258cd38b6079eea235ded3a5a3dadcfb277266d', '127.0.0.1', 1589886027, 0x5f5f63695f6c6173745f726567656e65726174657c693a313538393838363032373b61646d696e5f69647c733a313a2231223b656d61696c7c733a31353a2261646d696e4061646d696e2e636f6d223b66756c6c5f6e616d657c733a353a2241646d696e223b),
('bcf382390334e8b4d9b1a88f7a80b935d1649456', '127.0.0.1', 1589886500, 0x5f5f63695f6c6173745f726567656e65726174657c693a313538393838363530303b61646d696e5f69647c733a313a2231223b656d61696c7c733a31353a2261646d696e4061646d696e2e636f6d223b66756c6c5f6e616d657c733a353a2241646d696e223b),
('640a2406b1c0172270091d88c68d8dc742017ed1', '127.0.0.1', 1589886769, 0x5f5f63695f6c6173745f726567656e65726174657c693a313538393838363530303b61646d696e5f69647c733a313a2231223b656d61696c7c733a31353a2261646d696e4061646d696e2e636f6d223b66756c6c5f6e616d657c733a353a2241646d696e223b),
('2f82e6ea2303cb012d142423f99d22f756015cce', '127.0.0.1', 1589896388, 0x5f5f63695f6c6173745f726567656e65726174657c693a313538393839363338383b),
('35cd3fe7625034af6d3bddce358cb1a0f872ea4d', '127.0.0.1', 1589901792, 0x5f5f63695f6c6173745f726567656e65726174657c693a313538393930313739323b61646d696e5f69647c733a313a2231223b656d61696c7c733a31353a2261646d696e4061646d696e2e636f6d223b66756c6c5f6e616d657c733a353a2241646d696e223b),
('52701660e7c95b90e2a73e63389dac5ada5407b5', '127.0.0.1', 1589902642, 0x5f5f63695f6c6173745f726567656e65726174657c693a313538393930323634323b61646d696e5f69647c733a313a2231223b656d61696c7c733a31353a2261646d696e4061646d696e2e636f6d223b66756c6c5f6e616d657c733a353a2241646d696e223b),
('170967939ab0fd103c605b2e3853dfcb3d42eeb1', '127.0.0.1', 1589903020, 0x5f5f63695f6c6173745f726567656e65726174657c693a313538393930333032303b61646d696e5f69647c733a313a2231223b656d61696c7c733a31353a2261646d696e4061646d696e2e636f6d223b66756c6c5f6e616d657c733a353a2241646d696e223b),
('a976621b0d5f82a1d4fa1e1b020a2becda0c5714', '127.0.0.1', 1589903832, 0x5f5f63695f6c6173745f726567656e65726174657c693a313538393930333833323b61646d696e5f69647c733a313a2231223b656d61696c7c733a31353a2261646d696e4061646d696e2e636f6d223b66756c6c5f6e616d657c733a353a2241646d696e223b),
('459c237282555ed115d3a67670ee48de682a913d', '127.0.0.1', 1589908678, 0x5f5f63695f6c6173745f726567656e65726174657c693a313538393930383637383b61646d696e5f69647c733a313a2231223b656d61696c7c733a31353a2261646d696e4061646d696e2e636f6d223b66756c6c5f6e616d657c733a353a2241646d696e223b),
('f17a179d11e316fdc265baadea40f95a3f79c0d8', '127.0.0.1', 1589908909, 0x5f5f63695f6c6173745f726567656e65726174657c693a313538393930383637383b61646d696e5f69647c733a313a2231223b656d61696c7c733a31353a2261646d696e4061646d696e2e636f6d223b66756c6c5f6e616d657c733a353a2241646d696e223b),
('57c09c4eb96a3f45b5597d6ab002b427b5990f7e', '127.0.0.1', 1590182064, 0x5f5f63695f6c6173745f726567656e65726174657c693a313539303138323036343b61646d696e5f69647c733a313a2231223b656d61696c7c733a31353a2261646d696e4061646d696e2e636f6d223b66756c6c5f6e616d657c733a353a2241646d696e223b),
('31145b5a18d0562cb2ca9db81c12456479569748', '127.0.0.1', 1590182381, 0x5f5f63695f6c6173745f726567656e65726174657c693a313539303138323338313b61646d696e5f69647c733a313a2231223b656d61696c7c733a31353a2261646d696e4061646d696e2e636f6d223b66756c6c5f6e616d657c733a353a2241646d696e223b),
('b1c41312250ec13fc4f0e8d784c17dc9e8db943b', '127.0.0.1', 1590182698, 0x5f5f63695f6c6173745f726567656e65726174657c693a313539303138323639383b61646d696e5f69647c733a313a2231223b656d61696c7c733a31353a2261646d696e4061646d696e2e636f6d223b66756c6c5f6e616d657c733a353a2241646d696e223b),
('9c6351e4a0ba6bedfdcc65c09e0c59b620a078af', '127.0.0.1', 1590183340, 0x5f5f63695f6c6173745f726567656e65726174657c693a313539303138333334303b61646d696e5f69647c733a313a2231223b656d61696c7c733a31353a2261646d696e4061646d696e2e636f6d223b66756c6c5f6e616d657c733a353a2241646d696e223b),
('3585d1fcf1c45fa4410812d05219c8dc32d76fd2', '127.0.0.1', 1590183664, 0x5f5f63695f6c6173745f726567656e65726174657c693a313539303138333636343b61646d696e5f69647c733a313a2231223b656d61696c7c733a31353a2261646d696e4061646d696e2e636f6d223b66756c6c5f6e616d657c733a353a2241646d696e223b7365617263685f646174617c613a343a7b733a31333a2263617465676f72795f6e616d65223b733a383a2243617465676f7279223b733a31303a22626f6172645f6e616d65223b733a353a22426f617264223b733a31323a227375626a6563745f6e616d65223b733a373a225375626a656374223b733a31343a227475746f7269616c735f6e616d65223b733a303a22223b7d5f5f63695f766172737c613a313a7b733a31313a227365617263685f64617461223b693a313539303138333635343b7d),
('7a6408de717d73f960c0110e416ac8837679c381', '127.0.0.1', 1590184017, 0x5f5f63695f6c6173745f726567656e65726174657c693a313539303138343031373b61646d696e5f69647c733a313a2231223b656d61696c7c733a31353a2261646d696e4061646d696e2e636f6d223b66756c6c5f6e616d657c733a353a2241646d696e223b7365617263685f646174617c613a343a7b733a31333a2263617465676f72795f6e616d65223b733a383a2243617465676f7279223b733a31303a22626f6172645f6e616d65223b733a353a22426f617264223b733a31323a227375626a6563745f6e616d65223b733a373a225375626a656374223b733a31343a227475746f7269616c735f6e616d65223b733a303a22223b7d5f5f63695f766172737c613a313a7b733a31313a227365617263685f64617461223b693a313539303138343235383b7d),
('9fa91fb328d39133b46d33686757bf1b36353a2c', '127.0.0.1', 1590184829, 0x5f5f63695f6c6173745f726567656e65726174657c693a313539303138343832393b61646d696e5f69647c733a313a2231223b656d61696c7c733a31353a2261646d696e4061646d696e2e636f6d223b66756c6c5f6e616d657c733a353a2241646d696e223b),
('190effe3242116339572725e650c901a6b826a25', '127.0.0.1', 1590185304, 0x5f5f63695f6c6173745f726567656e65726174657c693a313539303138353330343b61646d696e5f69647c733a313a2231223b656d61696c7c733a31353a2261646d696e4061646d696e2e636f6d223b66756c6c5f6e616d657c733a353a2241646d696e223b),
('d4b34b61853f1ceec6fa95dae96d540230f36dbe', '127.0.0.1', 1590185647, 0x5f5f63695f6c6173745f726567656e65726174657c693a313539303138353634373b61646d696e5f69647c733a313a2231223b656d61696c7c733a31353a2261646d696e4061646d696e2e636f6d223b66756c6c5f6e616d657c733a353a2241646d696e223b),
('e39c93a2d537df0cc8fd642d8a9c444fe2383388', '127.0.0.1', 1590187791, 0x5f5f63695f6c6173745f726567656e65726174657c693a313539303138373739313b61646d696e5f69647c733a313a2231223b656d61696c7c733a31353a2261646d696e4061646d696e2e636f6d223b66756c6c5f6e616d657c733a353a2241646d696e223b),
('6d8dd89db76436952312f87f5aecfe9e18e83677', '127.0.0.1', 1590188246, 0x5f5f63695f6c6173745f726567656e65726174657c693a313539303138383234363b61646d696e5f69647c733a313a2231223b656d61696c7c733a31353a2261646d696e4061646d696e2e636f6d223b66756c6c5f6e616d657c733a353a2241646d696e223b),
('4a9d65c1b50caac058248dcf30399af6d607a558', '127.0.0.1', 1590188718, 0x5f5f63695f6c6173745f726567656e65726174657c693a313539303138383731383b61646d696e5f69647c733a313a2231223b656d61696c7c733a31353a2261646d696e4061646d696e2e636f6d223b66756c6c5f6e616d657c733a353a2241646d696e223b),
('a240f44cb017e8817afda9c81824f5de7c032f38', '127.0.0.1', 1590189058, 0x5f5f63695f6c6173745f726567656e65726174657c693a313539303138393035383b61646d696e5f69647c733a313a2231223b656d61696c7c733a31353a2261646d696e4061646d696e2e636f6d223b66756c6c5f6e616d657c733a353a2241646d696e223b),
('0e648f22cc704761acba24e4bb43878d86e43042', '127.0.0.1', 1590189446, 0x5f5f63695f6c6173745f726567656e65726174657c693a313539303138393434363b61646d696e5f69647c733a313a2231223b656d61696c7c733a31353a2261646d696e4061646d696e2e636f6d223b66756c6c5f6e616d657c733a353a2241646d696e223b),
('ebcafc65afd0a1e3a62d10684d2b67ed9faffb94', '127.0.0.1', 1590189968, 0x5f5f63695f6c6173745f726567656e65726174657c693a313539303138393936383b61646d696e5f69647c733a313a2231223b656d61696c7c733a31353a2261646d696e4061646d696e2e636f6d223b66756c6c5f6e616d657c733a353a2241646d696e223b),
('9c97313ae68a0a4cafe47aabfa962b2229efa4d0', '127.0.0.1', 1590190022, 0x5f5f63695f6c6173745f726567656e65726174657c693a313539303138393936383b61646d696e5f69647c733a313a2231223b656d61696c7c733a31353a2261646d696e4061646d696e2e636f6d223b66756c6c5f6e616d657c733a353a2241646d696e223b),
('8b4e607ffda152ab611129739d0e18452afffb82', '127.0.0.1', 1590311038, 0x5f5f63695f6c6173745f726567656e65726174657c693a313539303331313033383b61646d696e5f69647c733a313a2231223b656d61696c7c733a31353a2261646d696e4061646d696e2e636f6d223b66756c6c5f6e616d657c733a393a22426162616920526f79223b757365725f69647c733a313a2234223b757365725f656d61696c7c733a32323a2269616d73756d616e3138303840676d61696c2e636f6d223b726567697374726174696f6e5f747970657c733a313a2231223b7374617475737c733a313a2232223b),
('f92d616dec55873e71987884ea414249424032cf', '127.0.0.1', 1590315600, 0x5f5f63695f6c6173745f726567656e65726174657c693a313539303331353630303b61646d696e5f69647c733a313a2231223b656d61696c7c733a31353a2261646d696e4061646d696e2e636f6d223b66756c6c5f6e616d657c733a353a2241646d696e223b),
('ded1e658dce6d055ecf055af5c0fd07eac9ddad2', '127.0.0.1', 1590316678, 0x5f5f63695f6c6173745f726567656e65726174657c693a313539303331363637383b61646d696e5f69647c733a313a2231223b656d61696c7c733a31353a2261646d696e4061646d696e2e636f6d223b66756c6c5f6e616d657c733a353a2241646d696e223b),
('282aacd1aa53209fd107929323061d372fa85666', '127.0.0.1', 1590316872, 0x5f5f63695f6c6173745f726567656e65726174657c693a313539303331363637383b61646d696e5f69647c733a313a2231223b656d61696c7c733a31353a2261646d696e4061646d696e2e636f6d223b66756c6c5f6e616d657c733a353a2241646d696e223b),
('e6d1ce657b5d601a3435d432ba7b97a7115464de', '127.0.0.1', 1590828462, 0x5f5f63695f6c6173745f726567656e65726174657c693a313539303832383436323b61646d696e5f69647c733a313a2231223b656d61696c7c733a31353a2261646d696e4061646d696e2e636f6d223b66756c6c5f6e616d657c733a353a2241646d696e223b),
('3e454139515d88dbfcec187847fc97687c92240e', '127.0.0.1', 1590832728, 0x5f5f63695f6c6173745f726567656e65726174657c693a313539303833323732383b61646d696e5f69647c733a313a2231223b656d61696c7c733a31353a2261646d696e4061646d696e2e636f6d223b66756c6c5f6e616d657c733a353a2241646d696e223b),
('28d395a59486e84d48e8fb445eef93cddd2b03fc', '127.0.0.1', 1590832728, 0x5f5f63695f6c6173745f726567656e65726174657c693a313539303833323732383b61646d696e5f69647c733a313a2231223b656d61696c7c733a31353a2261646d696e4061646d696e2e636f6d223b66756c6c5f6e616d657c733a353a2241646d696e223b),
('fe393e8b961d5ff4d812daea6d54239774b29de3', '127.0.0.1', 1590952282, 0x5f5f63695f6c6173745f726567656e65726174657c693a313539303935323237313b61646d696e5f69647c733a313a2231223b656d61696c7c733a31353a2261646d696e4061646d696e2e636f6d223b66756c6c5f6e616d657c733a353a2241646d696e223b),
('a093609cd46a5bae72cd2bed2bd4e913d3929806', '127.0.0.1', 1590994606, 0x5f5f63695f6c6173745f726567656e65726174657c693a313539303939343630363b61646d696e5f69647c733a313a2231223b656d61696c7c733a31353a2261646d696e4061646d696e2e636f6d223b66756c6c5f6e616d657c733a353a2241646d696e223b),
('a35cde806bba70d21041e86cd9606909bb23a812', '127.0.0.1', 1590995185, 0x5f5f63695f6c6173745f726567656e65726174657c693a313539303939353138353b61646d696e5f69647c733a313a2231223b656d61696c7c733a31353a2261646d696e4061646d696e2e636f6d223b66756c6c5f6e616d657c733a353a2241646d696e223b),
('66d732f3be7bfe7e3b9283a58293d24461d7efea', '127.0.0.1', 1590996535, 0x5f5f63695f6c6173745f726567656e65726174657c693a313539303939363533353b61646d696e5f69647c733a313a2231223b656d61696c7c733a31353a2261646d696e4061646d696e2e636f6d223b66756c6c5f6e616d657c733a353a2241646d696e223b),
('6fb88a937a8b51bc2eb9f13a483a5f1e9c9ff20a', '127.0.0.1', 1590997050, 0x5f5f63695f6c6173745f726567656e65726174657c693a313539303939373035303b61646d696e5f69647c733a313a2231223b656d61696c7c733a31353a2261646d696e4061646d696e2e636f6d223b66756c6c5f6e616d657c733a353a2241646d696e223b),
('0af76705e457cf89259c3681597e84a9e58f31f9', '127.0.0.1', 1590998815, 0x5f5f63695f6c6173745f726567656e65726174657c693a313539303939383831353b61646d696e5f69647c733a313a2231223b656d61696c7c733a31353a2261646d696e4061646d696e2e636f6d223b66756c6c5f6e616d657c733a353a2241646d696e223b),
('05f9019769284035048f1920baa66f1b10b2bc73', '127.0.0.1', 1590999142, 0x5f5f63695f6c6173745f726567656e65726174657c693a313539303939393134323b61646d696e5f69647c733a313a2231223b656d61696c7c733a31353a2261646d696e4061646d696e2e636f6d223b66756c6c5f6e616d657c733a353a2241646d696e223b),
('0f6e747da625d70302ac9e1be8ee70781b9bd147', '127.0.0.1', 1590999451, 0x5f5f63695f6c6173745f726567656e65726174657c693a313539303939393435313b61646d696e5f69647c733a313a2231223b656d61696c7c733a31353a2261646d696e4061646d696e2e636f6d223b66756c6c5f6e616d657c733a353a2241646d696e223b),
('ed30f5f6b3577f1306f47892d5a59b7bb43bdea5', '127.0.0.1', 1590999468, 0x5f5f63695f6c6173745f726567656e65726174657c693a313539303939393435313b61646d696e5f69647c733a313a2231223b656d61696c7c733a31353a2261646d696e4061646d696e2e636f6d223b66756c6c5f6e616d657c733a353a2241646d696e223b),
('c0b6c3b5f32b30e9e6881b69d97cf32f5ea94313', '127.0.0.1', 1591018313, 0x5f5f63695f6c6173745f726567656e65726174657c693a313539313031383239343b61646d696e5f69647c733a313a2231223b656d61696c7c733a31353a2261646d696e4061646d696e2e636f6d223b66756c6c5f6e616d657c733a353a2241646d696e223b),
('8763115812ca7af0895f4c73aeda88453fbe1e0b', '127.0.0.1', 1591105870, 0x5f5f63695f6c6173745f726567656e65726174657c693a313539313130353837303b61646d696e5f69647c733a313a2231223b656d61696c7c733a31353a2261646d696e4061646d696e2e636f6d223b66756c6c5f6e616d657c733a353a2241646d696e223b),
('30feb6587ba5ef70b9799b548529c8c41ec3ecc1', '127.0.0.1', 1591107306, 0x5f5f63695f6c6173745f726567656e65726174657c693a313539313130373330363b61646d696e5f69647c733a313a2231223b656d61696c7c733a31353a2261646d696e4061646d696e2e636f6d223b66756c6c5f6e616d657c733a353a2241646d696e223b),
('b9c99e454b7a27599afeb658cdb34439923e56d5', '127.0.0.1', 1591107616, 0x5f5f63695f6c6173745f726567656e65726174657c693a313539313130373631363b61646d696e5f69647c733a313a2231223b656d61696c7c733a31353a2261646d696e4061646d696e2e636f6d223b66756c6c5f6e616d657c733a353a2241646d696e223b6d73677c733a36383a223c703e5468652075706c6f61642064657374696e6174696f6e20666f6c64657220646f6573206e6f742061707065617220746f206265207772697461626c652e3c2f703e223b5f5f63695f766172737c613a313a7b733a333a226d7367223b733a333a226f6c64223b7d),
('9f0d8c3d4f5b8acd31860dacf30700e01b9bb7f0', '127.0.0.1', 1591108049, 0x5f5f63695f6c6173745f726567656e65726174657c693a313539313130383034393b61646d696e5f69647c733a313a2231223b656d61696c7c733a31353a2261646d696e4061646d696e2e636f6d223b66756c6c5f6e616d657c733a353a2241646d696e223b6d73677c733a36383a223c703e5468652075706c6f61642064657374696e6174696f6e20666f6c64657220646f6573206e6f742061707065617220746f206265207772697461626c652e3c2f703e223b5f5f63695f766172737c613a313a7b733a333a226d7367223b733a333a226e6577223b7d),
('48472ab8a69b80cd93d8ed1a68fbf5972978510b', '127.0.0.1', 1591108381, 0x5f5f63695f6c6173745f726567656e65726174657c693a313539313130383338313b61646d696e5f69647c733a313a2231223b656d61696c7c733a31353a2261646d696e4061646d696e2e636f6d223b66756c6c5f6e616d657c733a353a2241646d696e223b),
('9508d2cb7be069f19a22f1c33a500817288d1212', '127.0.0.1', 1591108732, 0x5f5f63695f6c6173745f726567656e65726174657c693a313539313130383733323b61646d696e5f69647c733a313a2231223b656d61696c7c733a31353a2261646d696e4061646d696e2e636f6d223b66756c6c5f6e616d657c733a353a2241646d696e223b),
('1b9397892452d6dd671e49ac248359cd70bac941', '127.0.0.1', 1591109468, 0x5f5f63695f6c6173745f726567656e65726174657c693a313539313130393436383b61646d696e5f69647c733a313a2231223b656d61696c7c733a31353a2261646d696e4061646d696e2e636f6d223b66756c6c5f6e616d657c733a353a2241646d696e223b),
('c901e628ae97e13f68a911ff49b4b192cfec1b6b', '127.0.0.1', 1591110190, 0x5f5f63695f6c6173745f726567656e65726174657c693a313539313131303139303b61646d696e5f69647c733a313a2231223b656d61696c7c733a31353a2261646d696e4061646d696e2e636f6d223b66756c6c5f6e616d657c733a353a2241646d696e223b),
('d2010a3bcfe6d8ab5f0ef275e3ab5d0279641c91', '127.0.0.1', 1591110587, 0x5f5f63695f6c6173745f726567656e65726174657c693a313539313131303538373b61646d696e5f69647c733a313a2231223b656d61696c7c733a31353a2261646d696e4061646d696e2e636f6d223b66756c6c5f6e616d657c733a353a2241646d696e223b),
('83f346caae3e5bd81b03f767619ccde19b107c06', '127.0.0.1', 1591110920, 0x5f5f63695f6c6173745f726567656e65726174657c693a313539313131303932303b61646d696e5f69647c733a313a2231223b656d61696c7c733a31353a2261646d696e4061646d696e2e636f6d223b66756c6c5f6e616d657c733a353a2241646d696e223b),
('60b427d558df58fed5669193e714a432c9a9f61e', '127.0.0.1', 1591111327, 0x5f5f63695f6c6173745f726567656e65726174657c693a313539313131313332373b61646d696e5f69647c733a313a2231223b656d61696c7c733a31353a2261646d696e4061646d696e2e636f6d223b66756c6c5f6e616d657c733a353a2241646d696e223b),
('85f53bb26a9a6a37c5a5e5db3571e8f6211b4454', '127.0.0.1', 1591112467, 0x5f5f63695f6c6173745f726567656e65726174657c693a313539313131323436373b61646d696e5f69647c733a313a2231223b656d61696c7c733a31353a2261646d696e4061646d696e2e636f6d223b66756c6c5f6e616d657c733a353a2241646d696e223b),
('f462ea9495a817faa95054f8c459b405ad4b9509', '127.0.0.1', 1591112821, 0x5f5f63695f6c6173745f726567656e65726174657c693a313539313131323832313b61646d696e5f69647c733a313a2231223b656d61696c7c733a31353a2261646d696e4061646d696e2e636f6d223b66756c6c5f6e616d657c733a353a2241646d696e223b),
('d621ee61baca3e83da03ce39f5cbf8e90dfeaa34', '127.0.0.1', 1591113840, 0x5f5f63695f6c6173745f726567656e65726174657c693a313539313131333834303b61646d696e5f69647c733a313a2231223b656d61696c7c733a31353a2261646d696e4061646d696e2e636f6d223b66756c6c5f6e616d657c733a353a2241646d696e223b),
('a766a129b25e519d3831007e493f8be657e2acb0', '127.0.0.1', 1591114367, 0x5f5f63695f6c6173745f726567656e65726174657c693a313539313131343336373b61646d696e5f69647c733a313a2231223b656d61696c7c733a31353a2261646d696e4061646d696e2e636f6d223b66756c6c5f6e616d657c733a353a2241646d696e223b),
('60ddb0dcea2a46d88ecfcf980ca093ad278d4878', '127.0.0.1', 1591114776, 0x5f5f63695f6c6173745f726567656e65726174657c693a313539313131343737363b61646d696e5f69647c733a313a2231223b656d61696c7c733a31353a2261646d696e4061646d696e2e636f6d223b66756c6c5f6e616d657c733a353a2241646d696e223b),
('11e13905c6412e57c14d8cf567213447153506e1', '127.0.0.1', 1591115959, 0x5f5f63695f6c6173745f726567656e65726174657c693a313539313131353935393b61646d696e5f69647c733a313a2231223b656d61696c7c733a31353a2261646d696e4061646d696e2e636f6d223b66756c6c5f6e616d657c733a353a2241646d696e223b),
('e51e7d37290b78667ffa5d647abf0ccd44118fbc', '127.0.0.1', 1591116491, 0x5f5f63695f6c6173745f726567656e65726174657c693a313539313131363439313b61646d696e5f69647c733a313a2231223b656d61696c7c733a31353a2261646d696e4061646d696e2e636f6d223b66756c6c5f6e616d657c733a353a2241646d696e223b),
('37d306738cf6480e78b9a1adfcfcfbc4b32c6d09', '127.0.0.1', 1591116997, 0x5f5f63695f6c6173745f726567656e65726174657c693a313539313131363939373b61646d696e5f69647c733a313a2231223b656d61696c7c733a31353a2261646d696e4061646d696e2e636f6d223b66756c6c5f6e616d657c733a353a2241646d696e223b),
('18c92d4bfc75f2b4085795a329bc590b79189225', '127.0.0.1', 1591117932, 0x5f5f63695f6c6173745f726567656e65726174657c693a313539313131373933323b61646d696e5f69647c733a313a2231223b656d61696c7c733a31353a2261646d696e4061646d696e2e636f6d223b66756c6c5f6e616d657c733a353a2241646d696e223b),
('263e9fe3c737360c0cb63c65443cbec5b2f6090a', '127.0.0.1', 1591118328, 0x5f5f63695f6c6173745f726567656e65726174657c693a313539313131383332383b61646d696e5f69647c733a313a2231223b656d61696c7c733a31353a2261646d696e4061646d696e2e636f6d223b66756c6c5f6e616d657c733a353a2241646d696e223b),
('ab06a0d0f9eef5ccb4c58ce67182484098055ffc', '127.0.0.1', 1591118975, 0x5f5f63695f6c6173745f726567656e65726174657c693a313539313131383937353b61646d696e5f69647c733a313a2231223b70617373776f72647c733a393a22526168756c40313233223b656d61696c7c733a31353a2261646d696e4061646d696e2e636f6d223b66756c6c5f6e616d657c733a353a2241646d696e223b),
('24533805d20e048bee107e6ab52d692547e6775a', '127.0.0.1', 1591119941, 0x5f5f63695f6c6173745f726567656e65726174657c693a313539313131393934313b61646d696e5f69647c733a313a2231223b70617373776f72647c733a393a2241646d696e40313233223b656d61696c7c733a31393a2261646d696e4074756974696f6e70726f2e696e223b66756c6c5f6e616d657c733a353a2241646d696e223b),
('59dd97edfc2cafe8a80c707e9c96a923a13b0463', '127.0.0.1', 1591120368, 0x5f5f63695f6c6173745f726567656e65726174657c693a313539313132303336383b61646d696e5f69647c733a313a2231223b70617373776f72647c733a393a2241646d696e40313233223b656d61696c7c733a31393a2261646d696e4074756974696f6e70726f2e696e223b66756c6c5f6e616d657c733a353a2241646d696e223b),
('26c2b20b5939c332436daadbf6a1d8555460cebd', '127.0.0.1', 1591120975, 0x5f5f63695f6c6173745f726567656e65726174657c693a313539313132303937353b61646d696e5f69647c733a313a2231223b70617373776f72647c733a393a2241646d696e40313233223b656d61696c7c733a31393a2261646d696e4074756974696f6e70726f2e696e223b66756c6c5f6e616d657c733a353a2241646d696e223b),
('f91bd9106038d1503167692f47edd8d59f5d0c7e', '127.0.0.1', 1591121322, 0x5f5f63695f6c6173745f726567656e65726174657c693a313539313132313332323b61646d696e5f69647c733a313a2231223b70617373776f72647c733a393a2241646d696e40313233223b656d61696c7c733a31393a2261646d696e4074756974696f6e70726f2e696e223b66756c6c5f6e616d657c733a353a2241646d696e223b),
('81892e7e6e618018d77e8ead3698745bbba9f2b7', '127.0.0.1', 1591121881, 0x5f5f63695f6c6173745f726567656e65726174657c693a313539313132313838313b61646d696e5f69647c733a313a2231223b70617373776f72647c733a393a2241646d696e40313233223b656d61696c7c733a31393a2261646d696e4074756974696f6e70726f2e696e223b66756c6c5f6e616d657c733a353a2241646d696e223b),
('e022f60ddc32080ffc908637621c2ae48393cd28', '127.0.0.1', 1591122458, 0x5f5f63695f6c6173745f726567656e65726174657c693a313539313132323435383b61646d696e5f69647c733a313a2231223b70617373776f72647c733a393a2241646d696e40313233223b656d61696c7c733a31393a2261646d696e4074756974696f6e70726f2e696e223b66756c6c5f6e616d657c733a353a2241646d696e223b),
('f003d6fa9d4b7699f236e137a4f0c545e0ac7996', '127.0.0.1', 1591123438, 0x5f5f63695f6c6173745f726567656e65726174657c693a313539313132333433383b61646d696e5f69647c733a313a2231223b70617373776f72647c733a393a2241646d696e40313233223b656d61696c7c733a31393a2261646d696e4074756974696f6e70726f2e696e223b66756c6c5f6e616d657c733a353a2241646d696e223b),
('619ab8eb6cbf6a0972d3c26053e65fb4727f436b', '127.0.0.1', 1591123598, 0x5f5f63695f6c6173745f726567656e65726174657c693a313539313132333433383b61646d696e5f69647c733a313a2231223b70617373776f72647c733a393a2241646d696e40313233223b656d61696c7c733a31393a2261646d696e4074756974696f6e70726f2e696e223b66756c6c5f6e616d657c733a353a2241646d696e223b),
('edbadfe02ba9141d75011dcfd843e1866800378b', '127.0.0.1', 1591173430, 0x5f5f63695f6c6173745f726567656e65726174657c693a313539313137333433303b),
('87ff8b26839a7799d6d550c6d631ed260b79ee53', '127.0.0.1', 1591174949, 0x5f5f63695f6c6173745f726567656e65726174657c693a313539313137343934393b61646d696e5f69647c733a313a2231223b70617373776f72647c733a393a2241646d696e40313233223b656d61696c7c733a31393a2261646d696e4074756974696f6e70726f2e696e223b66756c6c5f6e616d657c733a353a2241646d696e223b),
('8cb2d638e6dc49cb4bd13f56d4d2a36de6ab4aad', '127.0.0.1', 1591177533, 0x5f5f63695f6c6173745f726567656e65726174657c693a313539313137373533333b61646d696e5f69647c733a313a2231223b70617373776f72647c733a393a2241646d696e40313233223b656d61696c7c733a31393a2261646d696e4074756974696f6e70726f2e696e223b66756c6c5f6e616d657c733a353a2241646d696e223b),
('2ae44c1722e34710de8bd4f29142e610dd561fd3', '127.0.0.1', 1591177889, 0x5f5f63695f6c6173745f726567656e65726174657c693a313539313137373838393b61646d696e5f69647c733a313a2231223b70617373776f72647c733a393a2241646d696e40313233223b656d61696c7c733a31393a2261646d696e4074756974696f6e70726f2e696e223b66756c6c5f6e616d657c733a353a2241646d696e223b),
('8b6033efbf576e629bd9b8f24652d25510f4522a', '127.0.0.1', 1591178477, 0x5f5f63695f6c6173745f726567656e65726174657c693a313539313137383437373b61646d696e5f69647c733a313a2231223b70617373776f72647c733a393a2241646d696e40313233223b656d61696c7c733a31393a2261646d696e4074756974696f6e70726f2e696e223b66756c6c5f6e616d657c733a353a2241646d696e223b),
('88d9bfbc3df689422c7ddb1f7a3782ca2407f6b6', '127.0.0.1', 1591179960, 0x5f5f63695f6c6173745f726567656e65726174657c693a313539313137393936303b61646d696e5f69647c733a313a2231223b70617373776f72647c733a393a2241646d696e40313233223b656d61696c7c733a31393a2261646d696e4074756974696f6e70726f2e696e223b66756c6c5f6e616d657c733a393a22426162616920526f79223b757365725f69647c733a313a2234223b757365725f656d61696c7c733a32323a2269616d73756d616e3138303840676d61696c2e636f6d223b726567697374726174696f6e5f747970657c733a313a2231223b7374617475737c733a313a2231223b),
('4e5d8148dfc6d3fc8969cae98c847c9028955a4d', '127.0.0.1', 1591180365, 0x5f5f63695f6c6173745f726567656e65726174657c693a313539313138303336353b757365725f69647c733a313a2234223b757365725f70617373776f72647c733a393a2253756d616e40313233223b757365725f656d61696c7c733a32323a2269616d73756d616e3138303840676d61696c2e636f6d223b66756c6c5f6e616d657c733a393a22426162616920526f79223b726567697374726174696f6e5f747970657c733a313a2231223b7374617475737c733a313a2231223b),
('e67753aa5b900b65d49776b081144f1392c254d1', '127.0.0.1', 1591182376, 0x5f5f63695f6c6173745f726567656e65726174657c693a313539313138323337363b757365725f69647c733a313a2234223b757365725f70617373776f72647c733a31303a2253756d616e4031323334223b757365725f656d61696c7c733a32323a2269616d73756d616e3138303840676d61696c2e636f6d223b66756c6c5f6e616d657c733a393a22426162616920526f79223b726567697374726174696f6e5f747970657c733a313a2231223b7374617475737c733a313a2231223b),
('276dd7f624c31605e61182dde4f3f6eeb27a81ab', '127.0.0.1', 1591182449, 0x5f5f63695f6c6173745f726567656e65726174657c693a313539313138323337363b757365725f69647c733a313a2234223b757365725f70617373776f72647c733a31303a2253756d616e4031323334223b757365725f656d61696c7c733a32323a2269616d73756d616e3138303840676d61696c2e636f6d223b66756c6c5f6e616d657c733a353a2241646d696e223b726567697374726174696f6e5f747970657c733a313a2231223b7374617475737c733a313a2231223b61646d696e5f69647c733a313a2231223b70617373776f72647c733a393a2241646d696e40313233223b656d61696c7c733a31393a2261646d696e4074756974696f6e70726f2e696e223b),
('ea8c20c405220363d916429c6ee66d9521c5ed6a', '127.0.0.1', 1591182676, 0x5f5f63695f6c6173745f726567656e65726174657c693a313539313138323637363b),
('d258a86022a4544527e382ad62d854b5eeb8abd1', '127.0.0.1', 1591182676, 0x5f5f63695f6c6173745f726567656e65726174657c693a313539313138323637363b),
('8633393e05b9542422410e44b28ad24c2070494f', '127.0.0.1', 1591392222, 0x5f5f63695f6c6173745f726567656e65726174657c693a313539313339323232323b),
('c6ca5aed3385bcea4d88f18df1e3f86ca560256f', '127.0.0.1', 1591389211, 0x5f5f63695f6c6173745f726567656e65726174657c693a313539313338393231313b),
('daa98c981303d6121f3430c845fe31ab6e83e59f', '127.0.0.1', 1591389211, 0x5f5f63695f6c6173745f726567656e65726174657c693a313539313338393231313b),
('af09828d3f4713da9c9d28c0f68d620bb28a949a', '127.0.0.1', 1591392652, 0x5f5f63695f6c6173745f726567656e65726174657c693a313539313339323635323b61646d696e5f69647c733a313a2231223b70617373776f72647c733a393a2241646d696e40313233223b656d61696c7c733a31393a2261646d696e4074756974696f6e70726f2e696e223b66756c6c5f6e616d657c733a353a2241646d696e223b),
('28dca60fb10893a78db05b8d518fb70f039e3ec6', '127.0.0.1', 1591393696, 0x5f5f63695f6c6173745f726567656e65726174657c693a313539313339333639363b61646d696e5f69647c733a313a2231223b70617373776f72647c733a393a2241646d696e40313233223b656d61696c7c733a31393a2261646d696e4074756974696f6e70726f2e696e223b66756c6c5f6e616d657c733a353a2241646d696e223b),
('8f193444d607261d04dcabb07c1c94b33ee8d064', '127.0.0.1', 1591394089, 0x5f5f63695f6c6173745f726567656e65726174657c693a313539313339343038393b61646d696e5f69647c733a313a2231223b70617373776f72647c733a393a2241646d696e40313233223b656d61696c7c733a31393a2261646d696e4074756974696f6e70726f2e696e223b66756c6c5f6e616d657c733a353a2241646d696e223b),
('abf1890fcd3fd8c27d3dcf2daf62741cfb7135fa', '127.0.0.1', 1591394523, 0x5f5f63695f6c6173745f726567656e65726174657c693a313539313339343532333b61646d696e5f69647c733a313a2231223b70617373776f72647c733a393a2241646d696e40313233223b656d61696c7c733a31393a2261646d696e4074756974696f6e70726f2e696e223b66756c6c5f6e616d657c733a353a2241646d696e223b),
('a3d329344c144b4e246552e14418e370eb82a119', '127.0.0.1', 1591395072, 0x5f5f63695f6c6173745f726567656e65726174657c693a313539313339353037323b61646d696e5f69647c733a313a2231223b70617373776f72647c733a393a2241646d696e40313233223b656d61696c7c733a31393a2261646d696e4074756974696f6e70726f2e696e223b66756c6c5f6e616d657c733a353a2241646d696e223b),
('8f9c41ae3eeae4623d358b40451137c5e512ae84', '127.0.0.1', 1591395514, 0x5f5f63695f6c6173745f726567656e65726174657c693a313539313339353531343b61646d696e5f69647c733a313a2231223b70617373776f72647c733a393a2241646d696e40313233223b656d61696c7c733a31393a2261646d696e4074756974696f6e70726f2e696e223b66756c6c5f6e616d657c733a353a2241646d696e223b),
('7b14e2cbd06b3daf13ef37147a422c59a37ce183', '127.0.0.1', 1591396237, 0x5f5f63695f6c6173745f726567656e65726174657c693a313539313339363233373b61646d696e5f69647c733a313a2231223b70617373776f72647c733a393a2241646d696e40313233223b656d61696c7c733a31393a2261646d696e4074756974696f6e70726f2e696e223b66756c6c5f6e616d657c733a353a2241646d696e223b),
('6c02a9c2d96e0e51d36d7ffabb0e482393ce26fa', '127.0.0.1', 1591396648, 0x5f5f63695f6c6173745f726567656e65726174657c693a313539313339363634383b61646d696e5f69647c733a313a2231223b70617373776f72647c733a393a2241646d696e40313233223b656d61696c7c733a31393a2261646d696e4074756974696f6e70726f2e696e223b66756c6c5f6e616d657c733a353a2241646d696e223b),
('0253154ac03735cf4f8e98c8b5b007e738661d30', '127.0.0.1', 1591396976, 0x5f5f63695f6c6173745f726567656e65726174657c693a313539313339363937363b61646d696e5f69647c733a313a2231223b70617373776f72647c733a393a2241646d696e40313233223b656d61696c7c733a31393a2261646d696e4074756974696f6e70726f2e696e223b66756c6c5f6e616d657c733a353a2241646d696e223b),
('c698424ce9096683025f63717d9279ace360955f', '127.0.0.1', 1591398183, 0x5f5f63695f6c6173745f726567656e65726174657c693a313539313339383138333b61646d696e5f69647c733a313a2231223b70617373776f72647c733a393a2241646d696e40313233223b656d61696c7c733a31393a2261646d696e4074756974696f6e70726f2e696e223b66756c6c5f6e616d657c733a353a2241646d696e223b),
('c31060e0e71b9ce4beee44dd3295e118c6102974', '127.0.0.1', 1591398620, 0x5f5f63695f6c6173745f726567656e65726174657c693a313539313339383632303b61646d696e5f69647c733a313a2231223b70617373776f72647c733a393a2241646d696e40313233223b656d61696c7c733a31393a2261646d696e4074756974696f6e70726f2e696e223b66756c6c5f6e616d657c733a353a2241646d696e223b),
('8a70280ed9f4d8aaf488df4c6cea1e8d5a3f2373', '127.0.0.1', 1591399167, 0x5f5f63695f6c6173745f726567656e65726174657c693a313539313339393136373b61646d696e5f69647c733a313a2231223b70617373776f72647c733a393a2241646d696e40313233223b656d61696c7c733a31393a2261646d696e4074756974696f6e70726f2e696e223b66756c6c5f6e616d657c733a353a2241646d696e223b),
('ee98c22dad723af1d8905abf4c5dd72da8a010ac', '127.0.0.1', 1591399473, 0x5f5f63695f6c6173745f726567656e65726174657c693a313539313339393437333b61646d696e5f69647c733a313a2231223b70617373776f72647c733a393a2241646d696e40313233223b656d61696c7c733a31393a2261646d696e4074756974696f6e70726f2e696e223b66756c6c5f6e616d657c733a31303a2253756d616e204d616a69223b7365617263685f646174617c613a343a7b733a31333a2263617465676f72795f6e616d65223b733a383a2243617465676f7279223b733a31303a22626f6172645f6e616d65223b733a353a22426f617264223b733a31323a227375626a6563745f6e616d65223b733a373a225375626a656374223b733a31343a227475746f7269616c735f6e616d65223b733a303a22223b7d5f5f63695f766172737c613a313a7b733a31313a227365617263685f64617461223b693a313539313339393736313b7d757365725f69647c733a313a2233223b757365725f70617373776f72647c733a393a22526168756c40313233223b757365725f656d61696c7c733a32393a2273756d616e2e323638373435322e6d616a686940676d61696c2e636f6d223b726567697374726174696f6e5f747970657c733a313a2232223b7374617475737c733a313a2231223b),
('0399835863a367d2f27ed663bcfa88c8f9755b5f', '127.0.0.1', 1591401451, 0x5f5f63695f6c6173745f726567656e65726174657c693a313539313430313435313b61646d696e5f69647c733a313a2231223b70617373776f72647c733a393a2241646d696e40313233223b656d61696c7c733a31393a2261646d696e4074756974696f6e70726f2e696e223b66756c6c5f6e616d657c733a31303a2253756d616e204d616a69223b7365617263685f646174617c613a343a7b733a31333a2263617465676f72795f6e616d65223b733a383a2243617465676f7279223b733a31303a22626f6172645f6e616d65223b733a353a22426f617264223b733a31323a227375626a6563745f6e616d65223b733a373a225375626a656374223b733a31343a227475746f7269616c735f6e616d65223b733a303a22223b7d5f5f63695f766172737c613a313a7b733a31313a227365617263685f64617461223b693a313539313339393736313b7d757365725f69647c733a313a2233223b757365725f70617373776f72647c733a393a22526168756c40313233223b757365725f656d61696c7c733a32393a2273756d616e2e323638373435322e6d616a686940676d61696c2e636f6d223b726567697374726174696f6e5f747970657c733a313a2232223b7374617475737c733a313a2231223b);
INSERT INTO `ci_sessions` (`id`, `ip_address`, `timestamp`, `data`) VALUES
('ba8f8ad9e72ff453e7934efa4589012b829ac69c', '127.0.0.1', 1591401792, 0x5f5f63695f6c6173745f726567656e65726174657c693a313539313430313739323b61646d696e5f69647c733a313a2231223b70617373776f72647c733a393a2241646d696e40313233223b656d61696c7c733a31393a2261646d696e4074756974696f6e70726f2e696e223b66756c6c5f6e616d657c733a31303a2253756d616e204d616a69223b757365725f69647c733a313a2233223b757365725f70617373776f72647c733a393a22526168756c40313233223b757365725f656d61696c7c733a32393a2273756d616e2e323638373435322e6d616a686940676d61696c2e636f6d223b726567697374726174696f6e5f747970657c733a313a2232223b7374617475737c733a313a2231223b),
('cedd5de32f99c602ac5dd1598159c3b9fb0fe2ec', '127.0.0.1', 1591402099, 0x5f5f63695f6c6173745f726567656e65726174657c693a313539313430323039393b61646d696e5f69647c733a313a2231223b70617373776f72647c733a393a2241646d696e40313233223b656d61696c7c733a31393a2261646d696e4074756974696f6e70726f2e696e223b66756c6c5f6e616d657c733a31303a2253756d616e204d616a69223b757365725f69647c733a313a2233223b757365725f70617373776f72647c733a393a22526168756c40313233223b757365725f656d61696c7c733a32393a2273756d616e2e323638373435322e6d616a686940676d61696c2e636f6d223b726567697374726174696f6e5f747970657c733a313a2232223b7374617475737c733a313a2231223b),
('4ab54e73e5ab8c8e09b066090b9291c76e45cb65', '127.0.0.1', 1591402415, 0x5f5f63695f6c6173745f726567656e65726174657c693a313539313430323431353b61646d696e5f69647c733a313a2231223b70617373776f72647c733a393a2241646d696e40313233223b656d61696c7c733a31393a2261646d696e4074756974696f6e70726f2e696e223b66756c6c5f6e616d657c733a31303a2253756d616e204d616a69223b757365725f69647c733a313a2233223b757365725f70617373776f72647c733a393a22526168756c40313233223b757365725f656d61696c7c733a32393a2273756d616e2e323638373435322e6d616a686940676d61696c2e636f6d223b726567697374726174696f6e5f747970657c733a313a2232223b7374617475737c733a313a2231223b),
('2765746b54aaa3877bcab0d4ac906221eea4d46f', '127.0.0.1', 1591402546, 0x5f5f63695f6c6173745f726567656e65726174657c693a313539313430323431353b61646d696e5f69647c733a313a2231223b70617373776f72647c733a393a2241646d696e40313233223b656d61696c7c733a31393a2261646d696e4074756974696f6e70726f2e696e223b66756c6c5f6e616d657c733a31303a2253756d616e204d616a69223b757365725f69647c733a313a2233223b757365725f70617373776f72647c733a393a22526168756c40313233223b757365725f656d61696c7c733a32393a2273756d616e2e323638373435322e6d616a686940676d61696c2e636f6d223b726567697374726174696f6e5f747970657c733a313a2232223b7374617475737c733a313a2231223b7365617263685f646174617c613a343a7b733a31333a2263617465676f72795f6e616d65223b733a383a2243617465676f7279223b733a31303a22626f6172645f6e616d65223b733a353a22426f617264223b733a31323a227375626a6563745f6e616d65223b733a373a225375626a656374223b733a31343a227475746f7269616c735f6e616d65223b733a303a22223b7d5f5f63695f766172737c613a313a7b733a31313a227365617263685f64617461223b693a313539313430323737313b7d),
('4ae54a0beb1881017cef5d31ea5a4ceb5bf2269e', '127.0.0.1', 1591992453, 0x5f5f63695f6c6173745f726567656e65726174657c693a313539313939323435333b),
('3a1ddeab59e37b1435af6300b159f86d0b6673a4', '127.0.0.1', 1592082478, 0x5f5f63695f6c6173745f726567656e65726174657c693a313539323038323437383b),
('509abe23250906ecd3e64ed4b34d3ad9c5850366', '127.0.0.1', 1592082478, 0x5f5f63695f6c6173745f726567656e65726174657c693a313539323038323437383b6d73677c733a31393a2257726f6e6720456d61696c2041646472657373223b5f5f63695f766172737c613a313a7b733a333a226d7367223b733a333a226f6c64223b7d),
('bdc8938c84fc5f2821d079194d900b6b9d238364', '127.0.0.1', 1592434148, 0x5f5f63695f6c6173745f726567656e65726174657c693a313539323433343134383b),
('2f1787b556c26e89d821e011879678c57228a460', '127.0.0.1', 1592434486, 0x5f5f63695f6c6173745f726567656e65726174657c693a313539323433343438363b61646d696e5f69647c733a313a2231223b70617373776f72647c733a393a2241646d696e40313233223b656d61696c7c733a31393a2261646d696e4074756974696f6e70726f2e696e223b66756c6c5f6e616d657c733a353a2241646d696e223b),
('833d5fea5368dcff00e8e22f3174223f9991f08d', '127.0.0.1', 1592434815, 0x5f5f63695f6c6173745f726567656e65726174657c693a313539323433343831353b61646d696e5f69647c733a313a2231223b70617373776f72647c733a393a2241646d696e40313233223b656d61696c7c733a31393a2261646d696e4074756974696f6e70726f2e696e223b66756c6c5f6e616d657c733a353a2241646d696e223b),
('a229e84768fe642c4f25a9e725d7a138fe2a0286', '127.0.0.1', 1592437012, 0x5f5f63695f6c6173745f726567656e65726174657c693a313539323433373031323b61646d696e5f69647c733a313a2231223b70617373776f72647c733a393a2241646d696e40313233223b656d61696c7c733a31393a2261646d696e4074756974696f6e70726f2e696e223b66756c6c5f6e616d657c733a31303a2253756d616e204d616a69223b757365725f69647c733a313a2233223b757365725f70617373776f72647c733a393a22526168756c40313233223b757365725f656d61696c7c733a32393a2273756d616e2e323638373435322e6d616a686940676d61696c2e636f6d223b726567697374726174696f6e5f747970657c733a313a2232223b7374617475737c733a313a2231223b),
('dbde26a8e9458850c1c5c6d86ca1136b0138d788', '127.0.0.1', 1592435629, 0x5f5f63695f6c6173745f726567656e65726174657c693a313539323433353632393b757365725f69647c733a313a2234223b757365725f70617373776f72647c733a393a2253756d616e40313233223b757365725f656d61696c7c733a32323a2269616d73756d616e3138303840676d61696c2e636f6d223b66756c6c5f6e616d657c733a393a22426162616920526f79223b726567697374726174696f6e5f747970657c733a313a2231223b7374617475737c733a313a2231223b),
('d50b1519acede9a65fbc2986aba2c0c25b69c740', '127.0.0.1', 1592435986, 0x5f5f63695f6c6173745f726567656e65726174657c693a313539323433353938363b757365725f69647c733a313a2234223b757365725f70617373776f72647c733a393a2253756d616e40313233223b757365725f656d61696c7c733a32323a2269616d73756d616e3138303840676d61696c2e636f6d223b66756c6c5f6e616d657c733a393a22426162616920526f79223b726567697374726174696f6e5f747970657c733a313a2231223b7374617475737c733a313a2231223b),
('3b2fe085d1741a44054e7542cab9293e64bb81cc', '127.0.0.1', 1592436448, 0x5f5f63695f6c6173745f726567656e65726174657c693a313539323433363434383b757365725f69647c733a313a2234223b757365725f70617373776f72647c733a393a2253756d616e40313233223b757365725f656d61696c7c733a32323a2269616d73756d616e3138303840676d61696c2e636f6d223b66756c6c5f6e616d657c733a393a22426162616920526f79223b726567697374726174696f6e5f747970657c733a313a2231223b7374617475737c733a313a2231223b),
('04c4748994e0a2eede70858942cb796d3e030e6f', '127.0.0.1', 1592436769, 0x5f5f63695f6c6173745f726567656e65726174657c693a313539323433363736393b757365725f69647c733a313a2234223b757365725f70617373776f72647c733a393a2253756d616e40313233223b757365725f656d61696c7c733a32323a2269616d73756d616e3138303840676d61696c2e636f6d223b66756c6c5f6e616d657c733a393a22426162616920526f79223b726567697374726174696f6e5f747970657c733a313a2231223b7374617475737c733a313a2231223b),
('780e7f86a49fc5a415e0ed9c0c80763cf4cd3dde', '127.0.0.1', 1592437805, 0x5f5f63695f6c6173745f726567656e65726174657c693a313539323433373830353b757365725f69647c733a313a2234223b757365725f70617373776f72647c733a393a2253756d616e40313233223b757365725f656d61696c7c733a32323a2269616d73756d616e3138303840676d61696c2e636f6d223b66756c6c5f6e616d657c733a393a22426162616920526f79223b726567697374726174696f6e5f747970657c733a313a2231223b7374617475737c733a313a2231223b),
('14088beeda96e80a333bad149bf1bae5a8a54f64', '127.0.0.1', 1592437405, 0x5f5f63695f6c6173745f726567656e65726174657c693a313539323433373430353b61646d696e5f69647c733a313a2231223b70617373776f72647c733a393a2241646d696e40313233223b656d61696c7c733a31393a2261646d696e4074756974696f6e70726f2e696e223b66756c6c5f6e616d657c733a31303a2253756d616e204d616a69223b757365725f69647c733a313a2233223b757365725f70617373776f72647c733a393a22526168756c40313233223b757365725f656d61696c7c733a32393a2273756d616e2e323638373435322e6d616a686940676d61696c2e636f6d223b726567697374726174696f6e5f747970657c733a313a2232223b7374617475737c733a313a2231223b),
('7e60379d4b3e3bb67782e4462c498cb4ea538851', '127.0.0.1', 1592437713, 0x5f5f63695f6c6173745f726567656e65726174657c693a313539323433373731333b61646d696e5f69647c733a313a2231223b70617373776f72647c733a393a2241646d696e40313233223b656d61696c7c733a31393a2261646d696e4074756974696f6e70726f2e696e223b66756c6c5f6e616d657c733a31303a2253756d616e204d616a69223b757365725f69647c733a313a2233223b757365725f70617373776f72647c733a393a22526168756c40313233223b757365725f656d61696c7c733a32393a2273756d616e2e323638373435322e6d616a686940676d61696c2e636f6d223b726567697374726174696f6e5f747970657c733a313a2232223b7374617475737c733a313a2231223b),
('a428fcb9bcc9e8b3e56c0e2de615905355579478', '127.0.0.1', 1592440543, 0x5f5f63695f6c6173745f726567656e65726174657c693a313539323434303534333b757365725f69647c733a313a2233223b757365725f70617373776f72647c733a393a2253756d616e40313233223b757365725f656d61696c7c733a32393a2273756d616e2e323638373435322e6d616a686940676d61696c2e636f6d223b66756c6c5f6e616d657c733a31303a2253756d616e204d616a69223b726567697374726174696f6e5f747970657c733a313a2232223b7374617475737c733a313a2231223b),
('d660640e253707b4b61a9d51c1495dfa75e1886f', '127.0.0.1', 1592440922, 0x5f5f63695f6c6173745f726567656e65726174657c693a313539323434303932323b757365725f69647c733a313a2233223b757365725f70617373776f72647c733a393a2253756d616e40313233223b757365725f656d61696c7c733a32393a2273756d616e2e323638373435322e6d616a686940676d61696c2e636f6d223b66756c6c5f6e616d657c733a31303a2253756d616e204d616a69223b726567697374726174696f6e5f747970657c733a313a2232223b7374617475737c733a313a2231223b),
('fc72b88b27a7e39cb0c47147f54a429a66d7a028', '127.0.0.1', 1592437805, 0x5f5f63695f6c6173745f726567656e65726174657c693a313539323433373830353b757365725f69647c733a313a2234223b757365725f70617373776f72647c733a393a2253756d616e40313233223b757365725f656d61696c7c733a32323a2269616d73756d616e3138303840676d61696c2e636f6d223b66756c6c5f6e616d657c733a393a22426162616920526f79223b726567697374726174696f6e5f747970657c733a313a2231223b7374617475737c733a313a2231223b),
('7045d4e5cb160c35b8ce02cf5d5d94939e653d76', '127.0.0.1', 1592441253, 0x5f5f63695f6c6173745f726567656e65726174657c693a313539323434313235333b757365725f69647c733a313a2233223b757365725f70617373776f72647c733a393a2253756d616e40313233223b757365725f656d61696c7c733a32393a2273756d616e2e323638373435322e6d616a686940676d61696c2e636f6d223b66756c6c5f6e616d657c733a31303a2253756d616e204d616a69223b726567697374726174696f6e5f747970657c733a313a2232223b7374617475737c733a313a2231223b),
('9b1cfe49257bd3294e9a5a3e1b0c0dd1b0c8ecb3', '127.0.0.1', 1592443352, 0x5f5f63695f6c6173745f726567656e65726174657c693a313539323434333335323b757365725f69647c733a313a2233223b757365725f70617373776f72647c733a393a2253756d616e40313233223b757365725f656d61696c7c733a32393a2273756d616e2e323638373435322e6d616a686940676d61696c2e636f6d223b66756c6c5f6e616d657c733a31303a2253756d616e204d616a69223b726567697374726174696f6e5f747970657c733a313a2232223b7374617475737c733a313a2231223b),
('90aa82c5ece97be782f1c31a3f2427ba6d01b79e', '127.0.0.1', 1592444279, 0x5f5f63695f6c6173745f726567656e65726174657c693a313539323434343237393b),
('34a19f8ff3c1d370be8891a2cb260f1cede84a78', '127.0.0.1', 1592445573, 0x5f5f63695f6c6173745f726567656e65726174657c693a313539323434353537333b757365725f69647c733a313a2233223b757365725f70617373776f72647c733a393a2253756d616e40313233223b757365725f656d61696c7c733a32393a2273756d616e2e323638373435322e6d616a686940676d61696c2e636f6d223b66756c6c5f6e616d657c733a31303a2253756d616e204d616a69223b726567697374726174696f6e5f747970657c733a313a2232223b7374617475737c733a313a2231223b),
('905bb46bf78426700bd72d2003e743645c4e2b33', '127.0.0.1', 1592445960, 0x5f5f63695f6c6173745f726567656e65726174657c693a313539323434353936303b757365725f69647c733a313a2233223b757365725f70617373776f72647c733a393a2253756d616e40313233223b757365725f656d61696c7c733a32393a2273756d616e2e323638373435322e6d616a686940676d61696c2e636f6d223b66756c6c5f6e616d657c733a31303a2253756d616e204d616a69223b726567697374726174696f6e5f747970657c733a313a2232223b7374617475737c733a313a2231223b),
('b39dede014eb5a677c26162c639ba2e59651cb2b', '127.0.0.1', 1592448896, 0x5f5f63695f6c6173745f726567656e65726174657c693a313539323434383839363b757365725f69647c733a313a2233223b757365725f70617373776f72647c733a393a2253756d616e40313233223b757365725f656d61696c7c733a32393a2273756d616e2e323638373435322e6d616a686940676d61696c2e636f6d223b66756c6c5f6e616d657c733a31303a2253756d616e204d616a69223b726567697374726174696f6e5f747970657c733a313a2232223b7374617475737c733a313a2231223b7475746f725f7365617263685f646174617c613a343a7b733a383a22636c6173735f6964223b733a353a22436c617373223b733a383a22626f6172645f6964223b733a353a22426f617264223b733a31303a227375626a6563745f6964223b733a373a225375626a656374223b733a383a226c6f636174696f6e223b733a303a22223b7d5f5f63695f766172737c613a313a7b733a31373a227475746f725f7365617263685f64617461223b693a313539323434363239303b7d),
('51e2387a851e2358b7c44df33456b4e737ec092b', '127.0.0.1', 1592449362, 0x5f5f63695f6c6173745f726567656e65726174657c693a313539323434393336323b757365725f69647c733a313a2233223b757365725f70617373776f72647c733a393a2253756d616e40313233223b757365725f656d61696c7c733a32393a2273756d616e2e323638373435322e6d616a686940676d61696c2e636f6d223b66756c6c5f6e616d657c733a31303a2253756d616e204d616a69223b726567697374726174696f6e5f747970657c733a313a2232223b7374617475737c733a313a2231223b),
('5bae4111e6cf964ea127ad26201506e84db89221', '127.0.0.1', 1592449734, 0x5f5f63695f6c6173745f726567656e65726174657c693a313539323434393733343b6d73677c733a37363a22506c656173652076657269667920796f757220656d61696c2069642e20436865636b20596f7572206d61696c20696e626f7820666f722074686520766572696669636174696f6e206c696e6b223b5f5f63695f766172737c613a313a7b733a333a226d7367223b733a333a226f6c64223b7d),
('ca9050392bed60cee20d953d0ac0d27a748693a7', '127.0.0.1', 1592450276, 0x5f5f63695f6c6173745f726567656e65726174657c693a313539323435303237363b6d73677c733a33323a22596f752068617665207375636365737366756c6c792072656769737465722021223b5f5f63695f766172737c613a313a7b733a333a226d7367223b733a333a226f6c64223b7d),
('cd26a705bfbf4f7501bbcb285080753f9b6a0070', '127.0.0.1', 1592450882, 0x5f5f63695f6c6173745f726567656e65726174657c693a313539323435303838323b),
('8290745ba6998e7b4e8176036b6e17fa00f7c85a', '127.0.0.1', 1592451477, 0x5f5f63695f6c6173745f726567656e65726174657c693a313539323435313437373b),
('7caed94d80dd5d031261d00ac088bfa1094d73f5', '127.0.0.1', 1592452248, 0x5f5f63695f6c6173745f726567656e65726174657c693a313539323435323234383b),
('76f01568c8f67bced787ab14e9ddf1c61e96a406', '127.0.0.1', 1592452653, 0x5f5f63695f6c6173745f726567656e65726174657c693a313539323435323635333b),
('8bc76d5cc098e11a6f8799537d949037016898cf', '127.0.0.1', 1592453635, 0x5f5f63695f6c6173745f726567656e65726174657c693a313539323435333633353b),
('7b455bac1c33afbc01b8870e43f4c88432e257a5', '127.0.0.1', 1592454447, 0x5f5f63695f6c6173745f726567656e65726174657c693a313539323435343434373b),
('0a7d90c9a4e5616d0a8b9c03674f808ae2b0af93', '127.0.0.1', 1592454756, 0x5f5f63695f6c6173745f726567656e65726174657c693a313539323435343735363b6d73677c733a33313a22506c6561736520636865636b20796f757220656e7465726564206461746121223b5f5f63695f766172737c613a313a7b733a333a226d7367223b733a333a226f6c64223b7d),
('aec84b4e04750d5a88065ccc0bdb8e7cf525dcac', '127.0.0.1', 1592455158, 0x5f5f63695f6c6173745f726567656e65726174657c693a313539323435353135383b),
('dc2da19cbdd3d468a1d72db6c54071f74d64c7e1', '127.0.0.1', 1592455660, 0x5f5f63695f6c6173745f726567656e65726174657c693a313539323435353636303b),
('73805cc0a1223c421f1cf56c0bdc0d2202653247', '127.0.0.1', 1592455967, 0x5f5f63695f6c6173745f726567656e65726174657c693a313539323435353936373b),
('72ac9cbe85d05a95a06b9b87e23003b1ed1b2138', '127.0.0.1', 1592456337, 0x5f5f63695f6c6173745f726567656e65726174657c693a313539323435363333373b6d73677c733a33313a22506c6561736520636865636b20796f757220656e7465726564206461746121223b5f5f63695f766172737c613a313a7b733a333a226d7367223b733a333a226f6c64223b7d),
('9921eedaaa3f257eb807441e3fd25faba1c14b5f', '127.0.0.1', 1592456350, 0x5f5f63695f6c6173745f726567656e65726174657c693a313539323435363333373b6d73677c733a33323a22596f752068617665207375636365737366756c6c792072656769737465722021223b5f5f63695f766172737c613a313a7b733a333a226d7367223b733a333a226f6c64223b7d);

-- --------------------------------------------------------

--
-- Table structure for table `classes`
--

CREATE TABLE `classes` (
  `id` int(11) NOT NULL,
  `class_name` text NOT NULL,
  `date_added` timestamp NOT NULL DEFAULT current_timestamp(),
  `date_edited` timestamp NOT NULL DEFAULT current_timestamp() ON UPDATE current_timestamp()
) ENGINE=InnoDB DEFAULT CHARSET=utf8;

--
-- Dumping data for table `classes`
--

INSERT INTO `classes` (`id`, `class_name`, `date_added`, `date_edited`) VALUES
(1, 'Class VII', '2020-04-29 05:10:07', '2020-04-29 05:10:07'),
(2, 'Class VIII', '2020-04-29 05:10:07', '2020-04-29 05:10:07'),
(3, 'Class V', '2020-05-01 12:33:24', '2020-05-01 12:33:24'),
(4, 'Class VI', '2020-05-01 12:33:24', '2020-05-01 12:33:24'),
(5, 'Class IX', '2020-05-01 12:35:42', '2020-05-01 12:35:42'),
(6, 'Class X', '2020-05-01 12:35:42', '2020-05-01 12:35:42'),
(7, 'Class XI', '2020-05-01 12:35:42', '2020-05-01 12:35:42'),
(8, 'Class XII', '2020-05-01 12:35:42', '2020-05-01 12:35:42'),
(11, 'Class III', '2020-05-01 12:36:28', '2020-05-01 12:36:28'),
(12, 'Class IV', '2020-05-01 12:37:26', '2020-05-01 12:37:26'),
(14, 'Class I', '2020-05-19 11:04:36', '2020-05-19 11:04:46'),
(15, 'Class II', '2020-05-19 11:04:56', '2020-05-19 11:04:56');

-- --------------------------------------------------------

--
-- Table structure for table `coaching_center_profile`
--

CREATE TABLE `coaching_center_profile` (
  `user_id` bigint(20) NOT NULL,
  `full_name` mediumtext NOT NULL,
  `email` varchar(255) NOT NULL
) ENGINE=InnoDB DEFAULT CHARSET=utf8;

-- --------------------------------------------------------

--
-- Table structure for table `contact_us`
--

CREATE TABLE `contact_us` (
  `id` int(11) NOT NULL,
  `email` text NOT NULL,
  `full_name` text NOT NULL,
  `message` longtext NOT NULL,
  `date` timestamp NOT NULL DEFAULT current_timestamp()
) ENGINE=InnoDB DEFAULT CHARSET=utf8mb4;

--
-- Dumping data for table `contact_us`
--

INSERT INTO `contact_us` (`id`, `email`, `full_name`, `message`, `date`) VALUES
(1, 'abc@gmail.com', 'Abc roy', 'Hii this a message', '2020-06-02 17:50:03'),
(2, 'suman@gmail.com', 'Suman Maji', 'hii! this is a message', '2020-06-02 18:18:37');

-- --------------------------------------------------------

--
-- Table structure for table `education_board`
--

CREATE TABLE `education_board` (
  `id` int(11) NOT NULL,
  `board_name` text NOT NULL
) ENGINE=InnoDB DEFAULT CHARSET=utf8;

--
-- Dumping data for table `education_board`
--

INSERT INTO `education_board` (`id`, `board_name`) VALUES
(1, 'State'),
(2, 'CBSE'),
(3, 'ISC/ICSE'),
(5, 'IGCSE'),
(6, 'NIOS'),
(7, 'International Board');

-- --------------------------------------------------------

--
-- Table structure for table `faq_page`
--

CREATE TABLE `faq_page` (
  `faq_id` int(11) NOT NULL,
  `title` text NOT NULL,
  `description` longtext NOT NULL,
  `media` text NOT NULL
) ENGINE=InnoDB DEFAULT CHARSET=utf8mb4;

--
-- Dumping data for table `faq_page`
--

INSERT INTO `faq_page` (`faq_id`, `title`, `description`, `media`) VALUES
(2, 'What is Tuitionpro?', ' A learning digital solution.<br>', 'what_is_tuitionpro1.png');

-- --------------------------------------------------------

--
-- Table structure for table `logo`
--

CREATE TABLE `logo` (
  `id` int(11) NOT NULL,
  `logo` text NOT NULL
) ENGINE=InnoDB DEFAULT CHARSET=utf8mb4;

--
-- Dumping data for table `logo`
--

INSERT INTO `logo` (`id`, `logo`) VALUES
(1, 'logo1.png');

-- --------------------------------------------------------

--
-- Table structure for table `parent_profile`
--

CREATE TABLE `parent_profile` (
  `user_id` bigint(20) NOT NULL,
  `full_name` mediumtext NOT NULL,
  `email` varchar(255) NOT NULL
) ENGINE=InnoDB DEFAULT CHARSET=utf8;

-- --------------------------------------------------------

--
-- Table structure for table `registration_type`
--

CREATE TABLE `registration_type` (
  `id` int(11) NOT NULL,
  `name` text NOT NULL
) ENGINE=InnoDB DEFAULT CHARSET=utf8;

--
-- Dumping data for table `registration_type`
--

INSERT INTO `registration_type` (`id`, `name`) VALUES
(1, 'Teacher'),
(2, 'Student'),
(3, 'Parent'),
(4, 'Coaching Center'),
(5, 'School');

-- --------------------------------------------------------

--
-- Table structure for table `school_profile`
--

CREATE TABLE `school_profile` (
  `user_id` bigint(20) NOT NULL,
  `full_name` mediumtext NOT NULL,
  `email` varchar(255) NOT NULL
) ENGINE=InnoDB DEFAULT CHARSET=utf8;

-- --------------------------------------------------------

--
-- Table structure for table `student_board_relation`
--

CREATE TABLE `student_board_relation` (
  `student_user_id` bigint(20) NOT NULL,
  `board_id` int(11) NOT NULL
) ENGINE=InnoDB DEFAULT CHARSET=utf8;

--
-- Dumping data for table `student_board_relation`
--

INSERT INTO `student_board_relation` (`student_user_id`, `board_id`) VALUES
(3, 1),
(5, 2),
(8, 2),
(9, 2),
(10, 5),
(11, 2),
(12, 5),
(14, 2),
(15, 1),
(16, 2),
(17, 2),
(19, 2),
(20, 2),
(21, 2),
(22, 2),
(23, 2),
(24, 2);

-- --------------------------------------------------------

--
-- Table structure for table `student_class_relation`
--

CREATE TABLE `student_class_relation` (
  `student_user_id` int(11) NOT NULL,
  `class_id` int(11) NOT NULL
) ENGINE=InnoDB DEFAULT CHARSET=utf8;

--
-- Dumping data for table `student_class_relation`
--

INSERT INTO `student_class_relation` (`student_user_id`, `class_id`) VALUES
(3, 6),
(5, 8),
(8, 8),
(9, 2),
(10, 8),
(11, 12),
(12, 8),
(14, 8),
(15, 8),
(16, 8),
(17, 8),
(19, 8),
(20, 6),
(21, 6),
(22, 6),
(23, 6),
(24, 8);

-- --------------------------------------------------------

--
-- Table structure for table `student_profile`
--

CREATE TABLE `student_profile` (
  `user_id` bigint(20) NOT NULL,
  `full_name` text NOT NULL,
  `email` varchar(255) NOT NULL,
  `mobile` varchar(30) DEFAULT NULL,
  `guardian_name` text DEFAULT NULL,
  `location` mediumtext DEFAULT NULL,
  `zip` varchar(10) DEFAULT NULL,
  `gender` text DEFAULT NULL,
  `gender_preference` text DEFAULT NULL,
  `travel_distance` int(5) DEFAULT NULL,
  `class_location_home` text DEFAULT NULL,
  `class_location_online` text DEFAULT NULL,
  `class_location_travel` text DEFAULT NULL,
  `profile_photo` varchar(255) DEFAULT NULL,
  `about_me` longtext DEFAULT NULL
) ENGINE=InnoDB DEFAULT CHARSET=utf8;

--
-- Dumping data for table `student_profile`
--

INSERT INTO `student_profile` (`user_id`, `full_name`, `email`, `mobile`, `guardian_name`, `location`, `zip`, `gender`, `gender_preference`, `travel_distance`, `class_location_home`, `class_location_online`, `class_location_travel`, `profile_photo`, `about_me`) VALUES
(3, 'Suman Maji', 'suman.2687452.majhi@gmail.comm', '7501469752', '', 'Kolkata', '75142287', 'Male', 'Female', 3, 'Y', 'Y', NULL, 'Suman_Maji_20-06-06.png', 'I am Suman , I am student'),
(24, 'Suman', 'suman.2687452.majhi@gmail.com', NULL, NULL, NULL, NULL, NULL, NULL, NULL, NULL, NULL, NULL, NULL, NULL);

-- --------------------------------------------------------

--
-- Table structure for table `student_subject_relation`
--

CREATE TABLE `student_subject_relation` (
  `student_user_id` bigint(20) NOT NULL,
  `subject_id` int(11) NOT NULL
) ENGINE=InnoDB DEFAULT CHARSET=utf8;

--
-- Dumping data for table `student_subject_relation`
--

INSERT INTO `student_subject_relation` (`student_user_id`, `subject_id`) VALUES
(3, 9);

-- --------------------------------------------------------

--
-- Table structure for table `subjects`
--

CREATE TABLE `subjects` (
  `id` int(11) NOT NULL,
  `subject_name` text NOT NULL
) ENGINE=InnoDB DEFAULT CHARSET=utf8;

--
-- Dumping data for table `subjects`
--

INSERT INTO `subjects` (`id`, `subject_name`) VALUES
(1, 'English'),
(2, 'English Literature'),
(3, 'Hindi'),
(4, 'Mathematics'),
(5, 'Physics'),
(6, 'Chemistry'),
(8, 'Economics'),
(9, 'Accounts'),
(10, 'Commerce'),
(11, 'History'),
(12, 'Geography'),
(13, 'Psychology'),
(14, 'EVS'),
(15, 'Computer Science'),
(16, 'Political Science'),
(17, 'Physical Education'),
(18, 'French'),
(19, 'Chinese'),
(20, 'German'),
(21, 'Tibetan'),
(22, 'Spanish'),
(25, 'Biotechnology'),
(26, 'Home Science'),
(27, 'Legal Studies'),
(28, 'Philosophy'),
(29, 'Business Studies'),
(30, 'Sociology'),
(32, 'Informatics practices');

-- --------------------------------------------------------

--
-- Table structure for table `subscribers`
--

CREATE TABLE `subscribers` (
  `id` int(11) NOT NULL,
  `email` text NOT NULL,
  `date` timestamp NOT NULL DEFAULT current_timestamp()
) ENGINE=InnoDB DEFAULT CHARSET=utf8mb4;

--
-- Dumping data for table `subscribers`
--

INSERT INTO `subscribers` (`id`, `email`, `date`) VALUES
(1, 'abc@gmail.com', '2020-06-02 17:40:31'),
(2, 'bcd@gmail.com', '2020-06-02 17:40:48'),
(3, 'abc@fgh.com', '2020-06-03 10:01:30'),
(4, 'iamsuman@gmail.com', '2020-06-17 22:49:32');

-- --------------------------------------------------------

--
-- Table structure for table `teacher_bank_details`
--

CREATE TABLE `teacher_bank_details` (
  `id` int(11) NOT NULL,
  `bank_name` text NOT NULL,
  `ifsc` text NOT NULL,
  `account_no` varchar(20) NOT NULL,
  `teacher_id` int(11) NOT NULL,
  `date_added` timestamp NOT NULL DEFAULT current_timestamp(),
  `account_holder_name` text NOT NULL
) ENGINE=InnoDB DEFAULT CHARSET=utf8;

--
-- Dumping data for table `teacher_bank_details`
--

INSERT INTO `teacher_bank_details` (`id`, `bank_name`, `ifsc`, `account_no`, `teacher_id`, `date_added`, `account_holder_name`) VALUES
(15, 'sdcjalkcmk', 'sdcmk120432', '1467923156322', 4, '2020-05-16 09:37:30', 'Abc LTd kal');

-- --------------------------------------------------------

--
-- Table structure for table `teacher_board_relation`
--

CREATE TABLE `teacher_board_relation` (
  `teacher_user_id` bigint(20) NOT NULL,
  `board_id` int(11) NOT NULL
) ENGINE=InnoDB DEFAULT CHARSET=utf8;

--
-- Dumping data for table `teacher_board_relation`
--

INSERT INTO `teacher_board_relation` (`teacher_user_id`, `board_id`) VALUES
(2, 1),
(4, 2),
(4, 3),
(4, 4),
(4, 5),
(4, 6),
(18, 2);

-- --------------------------------------------------------

--
-- Table structure for table `teacher_class_relation`
--

CREATE TABLE `teacher_class_relation` (
  `teacher_user_id` int(11) NOT NULL,
  `class_id` int(11) NOT NULL
) ENGINE=InnoDB DEFAULT CHARSET=utf8;

--
-- Dumping data for table `teacher_class_relation`
--

INSERT INTO `teacher_class_relation` (`teacher_user_id`, `class_id`) VALUES
(2, 5),
(4, 6),
(4, 7),
(4, 8),
(18, 2);

-- --------------------------------------------------------

--
-- Table structure for table `teacher_enquery`
--

CREATE TABLE `teacher_enquery` (
  `student_user_id` int(11) NOT NULL,
  `teacher_user_id` int(11) NOT NULL,
  `date_of_contact` timestamp NOT NULL DEFAULT current_timestamp()
) ENGINE=InnoDB DEFAULT CHARSET=utf8;

--
-- Dumping data for table `teacher_enquery`
--

INSERT INTO `teacher_enquery` (`student_user_id`, `teacher_user_id`, `date_of_contact`) VALUES
(3, 2, '2020-05-08 06:30:04'),
(3, 4, '2020-05-08 13:04:08');

-- --------------------------------------------------------

--
-- Table structure for table `teacher_profile`
--

CREATE TABLE `teacher_profile` (
  `user_id` bigint(20) NOT NULL,
  `full_name` text NOT NULL,
  `email` varchar(255) NOT NULL,
  `mobile` varchar(30) DEFAULT NULL,
  `location` mediumtext DEFAULT NULL,
  `zip` varchar(10) DEFAULT NULL,
  `gender` text DEFAULT NULL,
  `travel_distance` int(5) DEFAULT NULL,
  `class_location_home` text DEFAULT NULL,
  `class_location_online` text DEFAULT NULL,
  `class_location_travel` text DEFAULT NULL,
  `profile_photo` varchar(255) DEFAULT NULL,
  `profile_video` varchar(255) DEFAULT NULL,
  `about_me` longtext DEFAULT NULL,
  `date_added` timestamp NOT NULL DEFAULT current_timestamp()
) ENGINE=InnoDB DEFAULT CHARSET=utf8;

--
-- Dumping data for table `teacher_profile`
--

INSERT INTO `teacher_profile` (`user_id`, `full_name`, `email`, `mobile`, `location`, `zip`, `gender`, `travel_distance`, `class_location_home`, `class_location_online`, `class_location_travel`, `profile_photo`, `profile_video`, `about_me`, `date_added`) VALUES
(2, 'Srikanta Mondal', 'mondalsri70@gmail.com', '7501660514', 'Tehatta', '741160', 'Male', 0, NULL, 'Y', NULL, NULL, NULL, '', '2020-05-03 02:08:19'),
(4, 'Babai Roy', 'iamsuman1808@gmail.com', '7501660545', 'Salboni, Paschim Medinipur', '721147', 'Male', 0, NULL, 'Y', NULL, 'Babai_Roy_20-05-09.jpg', 'Babai_Roy_20-05-09.mp4', 'This is me ', '2020-05-08 10:54:19'),
(18, 'Suman', 'suman.2687452.majhi@gmail.com', NULL, NULL, NULL, NULL, NULL, NULL, NULL, NULL, NULL, NULL, NULL, '2020-06-18 04:14:22');

-- --------------------------------------------------------

--
-- Table structure for table `teacher_rating`
--

CREATE TABLE `teacher_rating` (
  `rating_id` int(11) NOT NULL,
  `teacher_id` int(11) NOT NULL,
  `rating_star_value` int(11) NOT NULL,
  `rating_comment` longtext DEFAULT NULL,
  `student_id` int(11) NOT NULL,
  `date_added` timestamp NOT NULL DEFAULT current_timestamp()
) ENGINE=InnoDB DEFAULT CHARSET=utf8;

--
-- Dumping data for table `teacher_rating`
--

INSERT INTO `teacher_rating` (`rating_id`, `teacher_id`, `rating_star_value`, `rating_comment`, `student_id`, `date_added`) VALUES
(1, 2, 5, 'good', 3, '2020-05-08 09:40:33'),
(2, 2, 3, 'great', 3, '2020-05-08 10:10:55'),
(3, 2, 1, 'bad', 3, '2020-05-08 10:18:36');

-- --------------------------------------------------------

--
-- Table structure for table `teacher_subject_relation`
--

CREATE TABLE `teacher_subject_relation` (
  `teacher_user_id` bigint(20) NOT NULL,
  `subject_id` int(11) NOT NULL
) ENGINE=InnoDB DEFAULT CHARSET=utf8;

--
-- Dumping data for table `teacher_subject_relation`
--

INSERT INTO `teacher_subject_relation` (`teacher_user_id`, `subject_id`) VALUES
(2, 15),
(4, 4),
(4, 15);

-- --------------------------------------------------------

--
-- Table structure for table `terms_and_conditions_page`
--

CREATE TABLE `terms_and_conditions_page` (
  `terms_and_conditions_id` int(11) NOT NULL,
  `title` text NOT NULL,
  `description` longtext NOT NULL
) ENGINE=InnoDB DEFAULT CHARSET=utf8mb4;

--
-- Dumping data for table `terms_and_conditions_page`
--

INSERT INTO `terms_and_conditions_page` (`terms_and_conditions_id`, `title`, `description`) VALUES
(2, 'terms 1', '<h3>Condition 1<br></h3>dfkfndsjnfkldsmkd akfkadmfldal kamflkdaflda,lf ,kmfldafl,da mkamfldakflda lamfladf jakadkkf kakdalkf kamfladld kamkfamdlf kamfladfl akmflala amflksdlcf akmflal, lamfla,lf, akmkfmlfm akmnfkafmafm afmalmkfl<br>');

-- --------------------------------------------------------

--
-- Table structure for table `tutorials`
--

CREATE TABLE `tutorials` (
  `tutorials_id` bigint(20) NOT NULL,
  `title` text NOT NULL,
  `sub_title` longtext NOT NULL,
  `description` longtext NOT NULL,
  `prerequisite` longtext NOT NULL,
  `out_comes` longtext NOT NULL,
  `category` text NOT NULL,
  `chapter_or_topic` text DEFAULT NULL,
  `boards` text NOT NULL,
  `classes` text NOT NULL,
  `subject` text NOT NULL,
  `level` text NOT NULL,
  `teacher_id` int(11) NOT NULL,
  `is_paid` tinytext NOT NULL,
  `price` int(11) NOT NULL,
  `percentage_of_discount` int(11) NOT NULL,
  `is_visible` tinytext NOT NULL,
  `thumbnail_img` text NOT NULL,
  `slug` text NOT NULL,
  `date_added` timestamp NOT NULL DEFAULT current_timestamp(),
  `date_edited` timestamp NOT NULL DEFAULT current_timestamp() ON UPDATE current_timestamp(),
  `status` tinyint(4) NOT NULL DEFAULT 1
) ENGINE=InnoDB DEFAULT CHARSET=utf8;

--
-- Dumping data for table `tutorials`
--

INSERT INTO `tutorials` (`tutorials_id`, `title`, `sub_title`, `description`, `prerequisite`, `out_comes`, `category`, `chapter_or_topic`, `boards`, `classes`, `subject`, `level`, `teacher_id`, `is_paid`, `price`, `percentage_of_discount`, `is_visible`, `thumbnail_img`, `slug`, `date_added`, `date_edited`, `status`) VALUES
(1, 'Math tutorial for beginner', '<div>Math tutorial for beginner who wants to learn and find fun in math<br></div>', '<div>Math tutorial for beginner who wants to learn and find fun in math<br></div>', 'Math tutorial for beginner who wants to learn and find fun in math', '<div>Math tutorial for beginner who wants to learn and find fun in math<br></div>', 'Mathematics', 'Arithmetic', 'CBSE,ISC/ICSE,International Baccalaureate,IGCSE,NIOS', 'Class X', 'Mathematics', 'Beginner', 4, 'Y', 1200, 12, 'Y', 'math_tutorial_for_beginner2.jpg', 'math-tutorial-for-beginner', '2020-05-11 02:31:47', '2020-05-22 22:09:02', 1);

-- --------------------------------------------------------

--
-- Table structure for table `tutorials_access_code`
--

CREATE TABLE `tutorials_access_code` (
  `access_code` varchar(30) NOT NULL,
  `teacher_id` int(11) NOT NULL,
  `tutorials_id` int(11) NOT NULL,
  `student_id` int(11) DEFAULT NULL,
  `email` text NOT NULL
) ENGINE=InnoDB DEFAULT CHARSET=utf8;

--
-- Dumping data for table `tutorials_access_code`
--

INSERT INTO `tutorials_access_code` (`access_code`, `teacher_id`, `tutorials_id`, `student_id`, `email`) VALUES
('KpASh', 4, 1, 3, 'suman.2687452.majhi@gmail.com');

-- --------------------------------------------------------

--
-- Table structure for table `tutorials_enrollment`
--

CREATE TABLE `tutorials_enrollment` (
  `enroll_id` int(11) NOT NULL,
  `student_id` int(11) NOT NULL,
  `teacher_id` int(11) NOT NULL,
  `tutorials_id` int(11) NOT NULL,
  `enroll_date` timestamp NOT NULL DEFAULT current_timestamp()
) ENGINE=InnoDB DEFAULT CHARSET=utf8;

--
-- Dumping data for table `tutorials_enrollment`
--

INSERT INTO `tutorials_enrollment` (`enroll_id`, `student_id`, `teacher_id`, `tutorials_id`, `enroll_date`) VALUES
(5, 3, 4, 1, '2020-05-16 23:16:16');

-- --------------------------------------------------------

--
-- Table structure for table `tutorials_lesson`
--

CREATE TABLE `tutorials_lesson` (
  `lesson_id` int(11) NOT NULL,
  `section_id` int(11) NOT NULL,
  `tutorials_id` int(11) NOT NULL,
  `teacher_id` int(11) NOT NULL,
  `lesson_name` text NOT NULL,
  `file_name` text NOT NULL,
  `file_type` text NOT NULL,
  `date_edited` timestamp NOT NULL DEFAULT current_timestamp() ON UPDATE current_timestamp(),
  `date_added` timestamp NOT NULL DEFAULT current_timestamp()
) ENGINE=InnoDB DEFAULT CHARSET=utf8;

--
-- Dumping data for table `tutorials_lesson`
--

INSERT INTO `tutorials_lesson` (`lesson_id`, `section_id`, `tutorials_id`, `teacher_id`, `lesson_name`, `file_name`, `file_type`, `date_edited`, `date_added`) VALUES
(1, 1, 1, 4, 'Number System', 'number_system.jpg', 'image/x-png,image/gif,image/jpeg', '2020-05-11 02:35:21', '2020-05-11 02:35:21');

-- --------------------------------------------------------

--
-- Table structure for table `tutorials_rating`
--

CREATE TABLE `tutorials_rating` (
  `rating_id` int(11) NOT NULL,
  `tutorials_id` int(11) NOT NULL,
  `rating_star_value` int(11) NOT NULL,
  `rating_comment` longtext DEFAULT NULL,
  `student_id` int(11) NOT NULL,
  `date_added` timestamp NOT NULL DEFAULT current_timestamp()
) ENGINE=InnoDB DEFAULT CHARSET=utf8;

--
-- Dumping data for table `tutorials_rating`
--

INSERT INTO `tutorials_rating` (`rating_id`, `tutorials_id`, `rating_star_value`, `rating_comment`, `student_id`, `date_added`) VALUES
(1, 1, 5, 'good', 3, '2020-06-18 02:00:10'),
(2, 1, 3, 'avarage', 3, '2020-06-18 02:09:41');

-- --------------------------------------------------------

--
-- Table structure for table `tutorials_section`
--

CREATE TABLE `tutorials_section` (
  `section_id` bigint(20) NOT NULL,
  `section_name` text NOT NULL,
  `tutorials_id` bigint(20) NOT NULL,
  `teacher_id` bigint(20) NOT NULL
) ENGINE=InnoDB DEFAULT CHARSET=utf8;

--
-- Dumping data for table `tutorials_section`
--

INSERT INTO `tutorials_section` (`section_id`, `section_name`, `tutorials_id`, `teacher_id`) VALUES
(1, 'Chapter-I', 1, 4);

-- --------------------------------------------------------

--
-- Table structure for table `users`
--

CREATE TABLE `users` (
  `id` bigint(20) NOT NULL,
  `full_name` text NOT NULL,
  `email` varchar(255) NOT NULL,
  `password` varchar(255) NOT NULL,
  `registration_type` tinyint(1) NOT NULL,
  `status` tinyint(2) NOT NULL DEFAULT 1,
  `join_date` timestamp NOT NULL DEFAULT current_timestamp(),
  `date_edited` timestamp NOT NULL DEFAULT current_timestamp() ON UPDATE current_timestamp(),
  `is_email_verified` text NOT NULL,
  `verification_key` varchar(255) NOT NULL
) ENGINE=InnoDB DEFAULT CHARSET=utf8;

--
-- Dumping data for table `users`
--

INSERT INTO `users` (`id`, `full_name`, `email`, `password`, `registration_type`, `status`, `join_date`, `date_edited`, `is_email_verified`, `verification_key`) VALUES
(2, 'Srikanta Mondal', 'mondalsri70@gmail.com', 'c2028636a3321582d7bdf9f21d87c04e561d37e2291f39b890d4f02fd3f587699438a04a1a9e4f354d0a732aa79cb2b3935b98f58f257ea138f9c6e1a7144414I+l1EueLJtkmIKywspQlCPcVndEG7A8DVSEs9rU1cro=', 1, 1, '2020-05-03 02:08:19', '2020-06-18 02:51:55', 'yes', ''),
(3, 'Suman Maji', 'suman.2687452.majhi@gmail.comm', 'faec7b349475338daa4d27a21556ba46c31462ff0014ff35c2e24ce17a00953cbcc5cc462f7f2d952c46f7270001f21350ea291d11ef5db11f9c86a1f33eb9d8/brLgY1e/GEHGczDYeOxoTy+Bv/t+dxZ/bs10R62h7c=', 2, 1, '2020-05-05 07:38:40', '2020-06-18 03:07:43', 'yes', ''),
(4, 'Babai Roy', 'iamsuman@gmail.com', '20a6d5ac7e207a1027813bd747319556c00ca44a466d9e68267b326344dac5b129be779f445768318488edb86e54864311733a90341d33a11c02f9430852fda2fkes63aodYDbvpoDcZE/MKwmjse3sLxRCfvx8X/Dvvs=', 1, 1, '2020-05-08 10:54:18', '2020-06-18 02:52:40', 'yes', ''),
(24, 'Suman', 'suman.2687452.majhi@gmail.com', '618175ad6c387087e24b6a9ec08f0e6d8d9c3ff78fe0d6072d322f67b22025f317e3368b4a228ba7f202766bc53020b7eb73f31d36d8f6efb2466f9abe156471W9UxgitOk5v9Eq6UlINWGGPn7dm66UlJYVeXbOTTn6M=', 2, 1, '2020-06-18 04:58:57', '2020-06-18 04:58:57', 'no', 'ZVfEyme2cvGwC1zJ');

--
-- Indexes for dumped tables
--

--
-- Indexes for table `about_us_page`
--
ALTER TABLE `about_us_page`
  ADD PRIMARY KEY (`about_us_id`);

--
-- Indexes for table `admin`
--
ALTER TABLE `admin`
  ADD PRIMARY KEY (`admin_id`);

--
-- Indexes for table `category`
--
ALTER TABLE `category`
  ADD PRIMARY KEY (`category_id`);

--
-- Indexes for table `chapter_or_topic`
--
ALTER TABLE `chapter_or_topic`
  ADD PRIMARY KEY (`chapter_or_topic_id`);

--
-- Indexes for table `ci_sessions`
--
ALTER TABLE `ci_sessions`
  ADD PRIMARY KEY (`id`),
  ADD KEY `ci_sessions_timestamp` (`timestamp`);

--
-- Indexes for table `classes`
--
ALTER TABLE `classes`
  ADD PRIMARY KEY (`id`);

--
-- Indexes for table `coaching_center_profile`
--
ALTER TABLE `coaching_center_profile`
  ADD PRIMARY KEY (`user_id`),
  ADD UNIQUE KEY `email` (`email`);

--
-- Indexes for table `contact_us`
--
ALTER TABLE `contact_us`
  ADD PRIMARY KEY (`id`);

--
-- Indexes for table `education_board`
--
ALTER TABLE `education_board`
  ADD PRIMARY KEY (`id`);

--
-- Indexes for table `faq_page`
--
ALTER TABLE `faq_page`
  ADD PRIMARY KEY (`faq_id`);

--
-- Indexes for table `parent_profile`
--
ALTER TABLE `parent_profile`
  ADD PRIMARY KEY (`user_id`),
  ADD UNIQUE KEY `email` (`email`);

--
-- Indexes for table `school_profile`
--
ALTER TABLE `school_profile`
  ADD PRIMARY KEY (`user_id`),
  ADD UNIQUE KEY `email` (`email`);

--
-- Indexes for table `student_board_relation`
--
ALTER TABLE `student_board_relation`
  ADD PRIMARY KEY (`student_user_id`,`board_id`),
  ADD UNIQUE KEY `student_board_relation` (`board_id`,`student_user_id`) USING BTREE;

--
-- Indexes for table `student_class_relation`
--
ALTER TABLE `student_class_relation`
  ADD PRIMARY KEY (`student_user_id`,`class_id`),
  ADD UNIQUE KEY `student_user_id` (`class_id`,`student_user_id`) USING BTREE;

--
-- Indexes for table `student_profile`
--
ALTER TABLE `student_profile`
  ADD PRIMARY KEY (`user_id`),
  ADD UNIQUE KEY `email` (`email`),
  ADD UNIQUE KEY `moblie` (`mobile`);

--
-- Indexes for table `student_subject_relation`
--
ALTER TABLE `student_subject_relation`
  ADD PRIMARY KEY (`student_user_id`,`subject_id`),
  ADD UNIQUE KEY `student_subject_relation` (`subject_id`,`student_user_id`) USING BTREE;

--
-- Indexes for table `subjects`
--
ALTER TABLE `subjects`
  ADD PRIMARY KEY (`id`);

--
-- Indexes for table `subscribers`
--
ALTER TABLE `subscribers`
  ADD PRIMARY KEY (`id`);

--
-- Indexes for table `teacher_bank_details`
--
ALTER TABLE `teacher_bank_details`
  ADD PRIMARY KEY (`id`);

--
-- Indexes for table `teacher_board_relation`
--
ALTER TABLE `teacher_board_relation`
  ADD PRIMARY KEY (`teacher_user_id`,`board_id`);

--
-- Indexes for table `teacher_class_relation`
--
ALTER TABLE `teacher_class_relation`
  ADD PRIMARY KEY (`teacher_user_id`,`class_id`),
  ADD UNIQUE KEY `class_id` (`class_id`,`teacher_user_id`) USING BTREE;

--
-- Indexes for table `teacher_enquery`
--
ALTER TABLE `teacher_enquery`
  ADD PRIMARY KEY (`student_user_id`,`teacher_user_id`);

--
-- Indexes for table `teacher_profile`
--
ALTER TABLE `teacher_profile`
  ADD PRIMARY KEY (`user_id`),
  ADD UNIQUE KEY `email` (`email`),
  ADD UNIQUE KEY `moblie` (`mobile`);

--
-- Indexes for table `teacher_rating`
--
ALTER TABLE `teacher_rating`
  ADD PRIMARY KEY (`rating_id`);

--
-- Indexes for table `teacher_subject_relation`
--
ALTER TABLE `teacher_subject_relation`
  ADD PRIMARY KEY (`teacher_user_id`,`subject_id`),
  ADD UNIQUE KEY `teacher_subject_rel` (`subject_id`,`teacher_user_id`) USING BTREE;

--
-- Indexes for table `terms_and_conditions_page`
--
ALTER TABLE `terms_and_conditions_page`
  ADD PRIMARY KEY (`terms_and_conditions_id`);

--
-- Indexes for table `tutorials`
--
ALTER TABLE `tutorials`
  ADD PRIMARY KEY (`tutorials_id`);

--
-- Indexes for table `tutorials_access_code`
--
ALTER TABLE `tutorials_access_code`
  ADD PRIMARY KEY (`access_code`);

--
-- Indexes for table `tutorials_enrollment`
--
ALTER TABLE `tutorials_enrollment`
  ADD PRIMARY KEY (`enroll_id`);

--
-- Indexes for table `tutorials_lesson`
--
ALTER TABLE `tutorials_lesson`
  ADD PRIMARY KEY (`lesson_id`);

--
-- Indexes for table `tutorials_rating`
--
ALTER TABLE `tutorials_rating`
  ADD PRIMARY KEY (`rating_id`);

--
-- Indexes for table `tutorials_section`
--
ALTER TABLE `tutorials_section`
  ADD PRIMARY KEY (`section_id`);

--
-- Indexes for table `users`
--
ALTER TABLE `users`
  ADD PRIMARY KEY (`id`),
  ADD UNIQUE KEY `email` (`email`);

--
-- AUTO_INCREMENT for dumped tables
--

--
-- AUTO_INCREMENT for table `about_us_page`
--
ALTER TABLE `about_us_page`
  MODIFY `about_us_id` int(11) NOT NULL AUTO_INCREMENT, AUTO_INCREMENT=3;

--
-- AUTO_INCREMENT for table `admin`
--
ALTER TABLE `admin`
  MODIFY `admin_id` int(11) NOT NULL AUTO_INCREMENT, AUTO_INCREMENT=2;

--
-- AUTO_INCREMENT for table `category`
--
ALTER TABLE `category`
  MODIFY `category_id` int(11) NOT NULL AUTO_INCREMENT, AUTO_INCREMENT=6;

--
-- AUTO_INCREMENT for table `chapter_or_topic`
--
ALTER TABLE `chapter_or_topic`
  MODIFY `chapter_or_topic_id` int(11) NOT NULL AUTO_INCREMENT, AUTO_INCREMENT=4;

--
-- AUTO_INCREMENT for table `classes`
--
ALTER TABLE `classes`
  MODIFY `id` int(11) NOT NULL AUTO_INCREMENT, AUTO_INCREMENT=16;

--
-- AUTO_INCREMENT for table `contact_us`
--
ALTER TABLE `contact_us`
  MODIFY `id` int(11) NOT NULL AUTO_INCREMENT, AUTO_INCREMENT=3;

--
-- AUTO_INCREMENT for table `education_board`
--
ALTER TABLE `education_board`
  MODIFY `id` int(11) NOT NULL AUTO_INCREMENT, AUTO_INCREMENT=8;

--
-- AUTO_INCREMENT for table `faq_page`
--
ALTER TABLE `faq_page`
  MODIFY `faq_id` int(11) NOT NULL AUTO_INCREMENT, AUTO_INCREMENT=3;

--
-- AUTO_INCREMENT for table `subjects`
--
ALTER TABLE `subjects`
  MODIFY `id` int(11) NOT NULL AUTO_INCREMENT, AUTO_INCREMENT=34;

--
-- AUTO_INCREMENT for table `subscribers`
--
ALTER TABLE `subscribers`
  MODIFY `id` int(11) NOT NULL AUTO_INCREMENT, AUTO_INCREMENT=5;

--
-- AUTO_INCREMENT for table `teacher_bank_details`
--
ALTER TABLE `teacher_bank_details`
  MODIFY `id` int(11) NOT NULL AUTO_INCREMENT, AUTO_INCREMENT=16;

--
-- AUTO_INCREMENT for table `teacher_rating`
--
ALTER TABLE `teacher_rating`
  MODIFY `rating_id` int(11) NOT NULL AUTO_INCREMENT, AUTO_INCREMENT=4;

--
-- AUTO_INCREMENT for table `terms_and_conditions_page`
--
ALTER TABLE `terms_and_conditions_page`
  MODIFY `terms_and_conditions_id` int(11) NOT NULL AUTO_INCREMENT, AUTO_INCREMENT=3;

--
-- AUTO_INCREMENT for table `tutorials`
--
ALTER TABLE `tutorials`
  MODIFY `tutorials_id` bigint(20) NOT NULL AUTO_INCREMENT, AUTO_INCREMENT=2;

--
-- AUTO_INCREMENT for table `tutorials_enrollment`
--
ALTER TABLE `tutorials_enrollment`
  MODIFY `enroll_id` int(11) NOT NULL AUTO_INCREMENT, AUTO_INCREMENT=6;

--
-- AUTO_INCREMENT for table `tutorials_lesson`
--
ALTER TABLE `tutorials_lesson`
  MODIFY `lesson_id` int(11) NOT NULL AUTO_INCREMENT, AUTO_INCREMENT=2;

--
-- AUTO_INCREMENT for table `tutorials_rating`
--
ALTER TABLE `tutorials_rating`
  MODIFY `rating_id` int(11) NOT NULL AUTO_INCREMENT, AUTO_INCREMENT=3;

--
-- AUTO_INCREMENT for table `tutorials_section`
--
ALTER TABLE `tutorials_section`
  MODIFY `section_id` bigint(20) NOT NULL AUTO_INCREMENT, AUTO_INCREMENT=2;

--
-- AUTO_INCREMENT for table `users`
--
ALTER TABLE `users`
  MODIFY `id` bigint(20) NOT NULL AUTO_INCREMENT, AUTO_INCREMENT=25;
COMMIT;

/*!40101 SET CHARACTER_SET_CLIENT=@OLD_CHARACTER_SET_CLIENT */;
/*!40101 SET CHARACTER_SET_RESULTS=@OLD_CHARACTER_SET_RESULTS */;
/*!40101 SET COLLATION_CONNECTION=@OLD_COLLATION_CONNECTION */;
